UMAP_1	UMAP_2	Name_TumorCluster
4.09824449848523	1.16506014530424	C1
-12.8267008559764	2.29642349247698	C4
-3.49043255019794	-1.31756688888308	C2
3.92110664677014	0.80329940979246	C1
2.61125643085828	4.03406141464476	C1
5.09936554264416	3.81254730884794	C1
-1.38904773164401	-2.35577275092836	C2
-1.96209615934501	-1.75511147315737	C2
-12.8040892379344	1.64202485744718	C2
6.0239051086842	2.20113313709263	C1
-11.9530169265331	1.38001940910581	C4
-5.36210482288013	-7.53573109443422	C3
5.11988670658459	-1.36864592368837	C1
-0.651003410106995	-0.135842817380391	C1
-5.04371254611621	-9.76207043464419	C3
6.00105316471448	3.16508708660368	C1
-12.4464642303051	1.75833622877363	C4
2.70698911976208	-1.08898808295961	C1
0.899628709071777	1.93089253966574	C1
5.48152143787732	-0.514248149945699	C1
-11.4465662734569	1.21949349109892	C4
-1.86779945064197	-0.454403656079732	C2
-12.4261242644847	0.988154632494487	C4
-5.05040471721301	-9.05752636726137	C3
2.82049829792371	1.62543128196958	C1
5.53464491199841	1.27197442714933	C1
-2.94272141624103	-1.04374553497072	C2
-5.07421868014941	-8.86648537452456	C3
2.79563457798352	3.23770539228681	C1
-5.67765038180957	-7.66918255622622	C3
3.40903312992444	1.43392936651472	C1
0.774569819682739	-1.37882949645754	C1
2.9186280472218	2.55393536154989	C1
-13.4994398849071	0.829676610872783	C1
3.14924843143811	-0.292581813886128	C1
5.7794621689259	3.51181934540037	C1
-13.5509545104564	0.934829337046184	C4
-2.42325588036189	-1.62510134513613	C2
-12.9136273162426	1.79227669303183	C4
2.18794567417493	3.66762552921537	C1
-2.49653526116023	-1.83971573646303	C2
-1.74278329778323	-2.37555481727358	C2
5.3301795227467	3.54157744114164	C1
-3.23189966846118	-0.764400260999166	C2
2.29529220890393	0.886288148806132	C1
2.67454082798352	-1.88479401405092	C1
-3.05340557265888	-0.641046064450704	C2
-5.86966769862781	2.89586518471006	C5
-5.44804327655444	-9.15215660865542	C3
1.38235528301587	2.76071052019361	C1
6.01438171696057	-0.441760080411397	C1
-2.65676169562946	-1.70453335578676	C2
-5.94406693149219	3.23564253513578	C5
2.85875160526623	0.49220321838621	C1
0.531833956950805	-0.452119606091939	C1
4.73708469700208	-1.46021224792238	C1
2.62707550358166	-1.44083620841738	C1
4.10562784504285	3.26544736091856	C1
-5.03174798656116	-9.5013292008185	C3
6.21170265507092	3.71587513153318	C1
3.68276293110242	3.82452843849424	C1
2.55140573810925	1.90871466462377	C1
2.10394556354871	-2.09601332481142	C1
6.33193237614026	-0.247056263043843	C1
2.5523851616322	2.98380158607725	C1
2.41363127064099	-1.97994591529604	C1
2.96270925831189	3.27947066490415	C1
-1.78485288191448	-2.60950781638857	C2
4.13551790546765	2.4658191776729	C1
-2.54954730439792	-0.594563978269063	C2
2.60608751606335	-0.69349743659731	C1
5.17296058964124	3.1376175708032	C1
-1.50690208840976	-1.0480764084601	C2
3.1741121513783	-0.0607106858038531	C1
5.16897184681287	3.18697850172285	C1
0.689274619334838	-1.02233459289309	C1
2.83898193668713	1.29564480249647	C1
3.91959459614148	2.24056398262147	C1
3.37873203586926	2.88699404661421	C1
3.91073734592786	-0.861408012464009	C1
0.3796933395802	-1.04977990920778	C1
4.51021129917493	4.20941637222532	C1
3.95848018955579	4.78003404800657	C1
-0.118383337742188	-0.842169302060567	C1
4.92576439213147	-1.52533890540835	C1
-5.00366203952441	-9.53247048194643	C3
3.93543178867688	3.13042180006269	C1
-4.81933682132373	-9.42069031532045	C3
3.54970962833752	3.40173731510404	C1
1.78419740032544	-1.98362042243715	C1
5.01295597385754	-1.43963481719729	C1
-12.7842594878734	1.03894613449339	C4
4.0918253166615	0.693175060198344	C1
-1.63626839686046	-2.58967854316469	C2
1.22618968319287	0.555625302240886	C1
2.90668947529187	-1.68611599738833	C1
4.89646751713147	0.662026626513041	C1
-12.1372620360912	1.26852784816984	C4
2.08592397999158	2.38580357794527	C1
-1.75124378967891	-2.15286804969545	C2
0.0886796219288324	0.347888690874614	C1
2.45832283329358	2.78234861557249	C1
-2.6370879309238	-1.80486180122133	C2
2.14143640827527	-1.42948462302919	C1
3.8474291069447	1.507462126658	C1
6.43205387424817	4.13856206600431	C1
3.55554611515393	1.17425833408598	C1
-5.31032889056812	-8.08307720954653	C3
5.42605335544934	3.51026008789305	C1
1.31484229397168	2.30587090131704	C1
0.308505843394897	-1.29940177734133	C1
5.81955702137341	3.46720956032041	C1
0.801028798335693	2.08313531939749	C1
-11.9484364287914	1.78014136616949	C3
0.802489588969848	-1.92460753257509	C1
-5.35841529536853	-8.13368870551821	C3
1.12685139011731	-1.99213434989687	C1
3.00732309650769	-1.43794824416872	C1
2.15408356022229	2.18229479108814	C1
4.75157625507703	0.910620910570659	C1
2.49172575306287	2.76360176269773	C1
2.69037849735608	3.30051515762571	C1
6.87603599857678	3.66794822876219	C1
4.56562597584119	-1.50978876884218	C1
-3.16868977714191	-1.45045496757265	C2
2.21815235447278	-1.89515139396425	C1
-1.65576185751567	-2.61706473167177	C2
-11.5222975509227	0.846717578814067	C4
-1.20313786435733	-0.88106109435793	C2
3.87906534504285	2.15753260020975	C1
1.86828644108166	2.72810093824629	C1
-5.7811416881145	2.80312995378736	C5
-4.52365939784656	-6.7097146683478	C3
4.15861637424817	5.03968260948423	C1
-1.81678233016143	-1.3042712384009	C2
-11.7188803451122	2.48654964332346	C4
4.17399151157727	1.46890435878996	C1
3.85998422932019	-1.38801791007753	C1
7.00309593510022	3.87151215736631	C1
7.04147751163831	3.49493001167539	C1
6.58050091099133	4.23218951885466	C1
-2.66700338292728	-1.28399326141115	C2
0.0277512772022699	-0.0791323357367144	C1
3.10663730930676	1.96020079915289	C1
-1.06610928941379	-2.30230166251894	C2
-4.99811904597888	-9.22021557624575	C3
5.09119922947278	-1.30901505286928	C1
4.71262056660046	2.60931591455702	C1
-2.21327956486354	-1.19684840972658	C2
2.85347111057629	-0.468579547955953	C1
-4.62759010959277	-6.84423233802553	C3
2.29095060657849	2.66500554744963	C1
2.00761539768567	2.90806798403028	C1
-12.6831452148021	2.05717752640013	C4
-5.92323248553882	3.08275960151914	C5
1.55983025860181	-1.24519731338259	C1
5.29993755649915	2.97148422662977	C1
1.73113233875622	2.86067442362074	C1
2.26948339771619	3.58117185299162	C1
3.2607854111134	3.10663293068174	C1
-5.10084145236621	-9.78776814277407	C3
-1.82298829126964	-1.32422067458864	C2
0.102502892726562	-0.828081625058614	C1
2.71796448063245	0.0996353453851118	C1
4.29738361667981	2.52931888167623	C1
-4.47243421245227	-6.73676468665835	C3
3.64384586643567	1.70331947271589	C1
2.92285663914075	2.47323481504682	C1
2.86202032398572	-0.634697216107808	C1
5.51872284244885	3.35683320228819	C1
0.0387602550922845	-1.65056826408144	C1
1.72884375881543	-1.90703942115542	C1
5.70659906696667	3.36291680996183	C1
-3.4993988769115	-0.595311658933126	C2
5.2544377548634	1.2526500052667	C1
-2.6056781904758	-1.2681019478583	C2
4.51628382038464	2.12002479796175	C1
4.29775268864026	2.3207543729699	C1
-12.6516033904613	1.51304463808302	C4
4.11807806324353	4.95450375740293	C1
5.45762140583386	1.87909750406507	C1
2.93855411838879	2.78533445064787	C1
4.30119592975964	2.5509758717275	C1
1.9165209038197	2.93985621397261	C1
-1.53357042837749	-0.511630075528585	C2
3.60694105457654	-0.33178450401064	C1
-5.0906173484386	-8.78196980293032	C3
6.53797848057141	3.66002057258848	C1
3.93627340626111	-0.103615539624654	C1
1.5143209202229	-0.446157234265767	C1
-5.1429969565929	-7.04336621101137	C3
-11.6936117904247	0.852794987604655	C4
4.39954216312756	2.32768993590835	C1
0.521200726741454	0.403243762896098	C1
4.95421345066418	3.87942729656462	C1
4.22528106998791	-1.6375711136603	C1
2.07426817249646	-0.296208637311421	C1
4.07950384449353	1.29935322468046	C1
2.27756149601331	-0.499768989636861	C1
2.78325493168225	-2.16848637397524	C1
-2.52994935680042	-2.02544190223452	C2
2.24948103260388	-0.65295674140688	C1
7.04106552433362	4.05725286667112	C1
4.36515266727795	2.39199660484556	C1
-1.93391868937621	-0.616151826932393	C2
3.90389473270764	2.88551310961012	C1
-4.28864066768298	-6.46681763465639	C1
0.871268819087646	2.30105263878468	C1
-12.9956661956371	1.56793956224684	C4
2.74398596119275	-1.65979506309267	C1
5.49649317097058	1.73985849087004	C1
-5.51981442142139	-8.24488903815981	C3
1.6480084164082	2.59530667726759	C1
3.7639330131947	1.72672293846373	C1
-5.81541078258167	2.91481689874891	C5
2.94066746067395	3.84041736786131	C1
-5.91387527156482	2.22024419297341	C2
2.39725239109387	3.63869164650206	C1
6.21860916447034	4.13790331547026	C1
-5.07505195308337	-7.28406025703188	C3
-0.544188191181519	-0.737963693692647	C1
3.15416223835339	-2.06474377448794	C1
2.42492468189587	2.80115626518492	C1
4.49845344852795	2.1334663755155	C1
-2.10346350539336	-1.66846801574465	C2
4.36827595066418	-1.5783236199164	C1
6.91330368351331	3.5004699057794	C1
7.16262085270276	3.55663953487638	C1
1.20546896290173	0.597520453379191	C1
3.4059270126759	4.90178821747068	C1
5.69236023258557	2.73887054388288	C1
2.36357242893567	-2.15727593238588	C1
-4.48421638179431	-6.59427620704409	C3
3.31709987949719	3.53894577686552	C1
-5.4723209636272	-7.9421479874396	C3
3.36717016529431	1.67949752275709	C1
1.8468723995625	3.84402809803251	C1
0.00254161190380797	-1.34979059036013	C1
2.64294941257825	-2.21638705070253	C1
3.14327843021741	0.889582735941447	C1
-2.35140042472492	-0.89045001800295	C2
3.21475107502331	5.03372119133238	C1
4.8540585739552	2.57525796954397	C1
2.94726736378064	3.87310288612608	C1
-11.9102570312084	1.70051215355162	C4
2.90960676502576	3.70409653846983	C1
1.97984416317334	2.61361340944532	C1
4.94073564838757	1.46806321804289	C1
6.72037155460706	2.88970164720777	C1
2.93675453495373	2.95072321359877	C1
1.84299666714062	3.21027605001692	C1
1.88326747249951	1.16972695057157	C1
2.18973095249524	3.1950579709268	C1
-4.96864431071887	-8.5831916504645	C3
-2.23409905005107	-0.652587192609273	C2
3.99339134525647	2.05404104058508	C1
3.30112297367444	2.8076632446504	C1
2.94480402302136	-1.27997876937624	C1
2.57753927540173	-1.92250515754458	C1
-3.50196890998492	-0.368985193326436	C2
3.09417612385144	1.69182835285429	C1
1.96984011959424	-0.546025293424092	C1
5.51157839130749	2.44816358153585	C1
6.3601096374928	4.15307806198362	C1
-13.2384402053417	1.8023702925897	C4
-5.49690263438831	-7.40007187659975	C3
5.73816807102551	2.50940105085138	C1
-1.23999856877933	-1.36033703620669	C2
-5.06091015506397	-9.7937514954352	C3
-3.52313404250751	-0.779114740445577	C2
-11.8094431655468	2.27001248159323	C4
3.00216038059582	3.34244952862028	C1
3.27176315616956	2.04339629177812	C1
4.89722711872449	2.51084621016745	C1
1.90829260181775	2.07518468563322	C1
6.43126327823987	3.62704597179655	C1
4.61966545414319	3.13229511444334	C1
1.18686301540723	0.110855800554789	C1
-1.09091400075565	-2.25905014808413	C2
-1.57336955237994	-1.60550286109682	C2
-2.50776030588756	-1.46029640968081	C2
4.46872980427136	4.04943679039244	C1
1.37830025982251	-1.81026531989809	C1
6.10197098087659	-0.382067220761739	C1
6.50399334263196	3.6482399529672	C1
2.74820597004285	2.693432850287	C1
-12.8790680663646	2.43992194299463	C4
-1.86474639642844	-1.33074952895876	C2
-2.17726766038547	-1.68698026473757	C2
6.87864334415784	3.56954107944731	C1
2.81099541019788	3.01217077438597	C1
3.05059702228894	1.54756395284895	C1
-12.823212315327	2.4184221452928	C4
-12.1833388106884	0.93314264480833	C4
-12.6862742202343	2.59081156317953	C4
-5.61271827388416	-9.33723332221743	C3
-0.476386954075196	-1.11560394103762	C1
1.71202308964123	2.44378524784807	C1
-4.60991280246387	-6.91553475196596	C3
2.42676288914075	2.67730806534056	C1
-4.74803059268604	-8.96449543769594	C3
-0.515812565571168	-0.755745666577779	C1
1.05731613468518	-0.742751377179586	C1
5.46829445194592	2.44792543117765	C1
4.23319275211682	3.11356018249754	C1
-12.4365450637401	1.92967746917967	C4
-12.1243254439891	0.815426451609172	C4
3.32388908695569	-1.71613909538027	C1
-1.44602124858508	-2.18666292960878	C2
5.66316540073743	3.98648987476591	C1
-5.63268129993091	-8.04640557105776	C3
-0.323871781116822	-0.677578228070699	C1
2.71101076435437	2.81988529627088	C1
-4.64449517894397	-8.871399658277	C3
5.20256407093396	-1.26014472778078	C1
3.23577053379407	2.96430580084089	C1
-12.2019125716747	2.36450855945114	C4
2.03404981922497	-0.420323627545796	C1
0.297643731349609	-1.73693730170961	C1
-4.34206025767932	-6.64147450263735	C3
-5.72878115344653	-9.29181458289858	C3
5.02652962040295	3.82568190757994	C1
0.708987544292114	-0.967333334042989	C1
1.18421633076062	1.91120694343809	C1
-5.6524259345592	-9.58777882392641	C3
-13.2275892989696	1.79842997853521	C4
3.91557438206067	0.279515368387736	C1
-2.82908235955844	-2.37691094215151	C2
4.17271406483044	1.43221704427961	C1
2.46808941196789	-0.675087469174825	C1
3.57408649753918	-0.521819608762227	C1
0.79085523914685	-1.95946623618837	C1
-5.37804095912585	-7.37208058173891	C3
2.47370512318005	3.77319060032133	C1
-5.52591817546497	-7.77940728004213	C3
-12.2334553496898	0.967581374094523	C4
2.16439564060559	-1.3634433918738	C1
-12.9651581542552	1.05384705726866	C4
-12.7212406890453	1.07095525924925	C4
4.98473913502087	1.64012317125563	C1
-12.2606722610057	1.89500359956983	C4
5.92451984714856	0.229931575701274	C1
4.23128969501843	1.69201712076429	C1
4.78020460438123	2.89643446867231	C1
5.27944261860242	1.67748228971723	C1
2.20922548603406	0.352553111956157	C1
5.02236635517468	3.82557461921934	C1
-13.4468285338939	0.839541894838847	C4
2.03869564365735	1.84377388422254	C1
3.64897997211804	0.244021875307597	C1
1.7747436268269	2.95428727333311	C1
-3.53188615012775	-0.641048448636495	C2
-12.4411427276195	1.01899395649198	C4
3.94508344959607	-1.56845142181154	C1
-5.14769737887988	-8.175035255506	C3
3.13849527668347	2.2577902837551	C1
-1.77306958008418	-1.35940696532961	C2
-12.9240586059154	1.10246954624418	C4
-1.57637693453441	-1.4826581650519	C2
-12.9792095916332	2.09447565440897	C4
6.64756519626965	3.50634573166136	C1
2.9381707413136	-2.18308426673647	C1
2.03236324619641	0.109261257097758	C1
2.75935633015027	1.1182939833856	C1
5.44311268162122	-0.992220895841085	C1
2.53668339084973	-0.227305191113912	C1
7.09242851566663	4.036355120585	C1
-1.16008799243579	-2.36389900977846	C2
-3.20854358840595	-0.629374759747945	C2
-2.87099849153171	-0.998093622281514	C2
-0.437428642994263	-0.754804151608907	C2
3.52261192631116	1.86879072849516	C1
4.48985702823987	0.547088605806865	C1
-5.76588242221484	2.70958946411375	C5
-5.05685608554492	-7.50912834937807	C3
1.21995217632642	-0.600845115735494	C1
3.70753891300549	3.40981600944761	C1
3.06627256702771	1.16810963814024	C1
-1.24216483998904	-2.3783314400458	C2
1.97780687641492	-1.87723089988466	C1
-1.52641685772548	-2.25312640006777	C2
3.69503147434582	3.76785276596311	C1
3.44530279468884	2.73943100635771	C1
3.9397896034657	1.06256340210203	C1
3.45992643665662	3.54714177315	C1
1.5126131279408	-1.29406859214541	C1
2.15460378956189	-1.69273402030703	C1
2.24291593860974	3.10344968502287	C1
-5.5588311450542	-9.55301644141909	C3
-5.16328351665149	-9.29878117377993	C3
2.97139293979993	0.513765198633708	C1
5.39346487354626	0.954191548273601	C1
2.99077827762952	-1.07836367423769	C1
-2.98812519479404	-2.29814268882509	C2
5.77103645634045	3.83231113617185	C1
3.37957746815076	1.22771583263639	C1
-1.74013291764865	-2.12381722266909	C2
5.31327087711682	3.37017546360258	C1
-12.7101227538646	1.29852472011808	C4
6.75682575535168	4.32803772156004	C1
-5.91324012447009	3.00913975898985	C5
-4.7320694224895	-7.08967186744448	C3
1.96034939121594	1.15007172291044	C1
6.40071232151379	-0.0318770581030474	C1
2.96424658130994	0.236979705736674	C1
5.0600379211842	0.675993782923259	C1
-4.96182577777515	-9.63647343452211	C3
2.9983399612843	2.04620350663427	C1
6.21908027958264	-0.343996065213643	C1
-12.3691326873363	2.17117795859341	C4
6.48920471500745	2.83125124637846	C1
5.29200537037244	1.79915533725981	C1
5.34777195286145	3.20182446901564	C1
0.925271104091308	-1.33595110709902	C1
-11.678252865559	2.62406484548811	C4
1.25918848347058	-1.52438308532473	C1
-5.70406119990955	-7.92803551490542	C3
-1.93843689281354	-2.19392802055117	C2
3.52737457584729	2.74684060876135	C1
-12.5066534774364	2.15701313827995	C4
3.43300182651868	3.44955824081663	C1
4.87842399906506	3.65442476932768	C1
2.07799417805066	1.95039583508734	C1
-1.94810896832357	-2.35196329887148	C2
4.21479065250745	2.54300977055792	C1
2.56354935001721	2.96332148973707	C1
5.80330879520764	2.50015425448183	C1
1.92204077076306	2.96509067480329	C1
-2.13013575691591	-2.31177307899233	C2
3.56335289310803	0.740078193590678	C1
2.55922062229504	-0.53281046684023	C1
0.840507100337646	2.00321300093893	C1
2.6637132866322	3.67960034076933	C1
2.76870472263684	-2.13203646476503	C1
-2.12365445960174	-1.47786523635622	C2
0.516659091228149	-0.383181827619039	C1
1.79165203403821	-2.3000786476874	C1
4.25569088291516	1.81170637671713	C1
-11.4816567199291	1.02040694420103	C1
4.79659063648572	-1.51731731231447	C1
3.36455757450452	0.643529278681315	C1
-2.26710977125774	-1.34996845062014	C2
3.94190819095959	-1.33144547279116	C1
-2.90009336639056	-2.10562826926943	C2
-2.02146373502771	-0.744510667874776	C2
-5.00632136035571	-7.00417591865297	C3
-0.763964344745972	-1.09470679099794	C1
6.71407062839856	2.71929771964315	C1
-5.59053056407581	3.05509279434446	C5
1.22055227589001	-1.65198208625551	C1
-1.45701800752292	-1.94715859229799	C2
-0.383623649364808	-0.785309331967794	C1
3.78533918690076	0.81061587993864	C1
-2.02044663019339	-1.67534210021731	C2
2.25770075153699	2.07877400283579	C1
2.29727775883069	-1.17380763824221	C1
2.519850562328	-1.07743455703493	C1
-0.246048380619385	-1.1363172703528	C1
2.87598163914075	3.75553689663175	C1
7.12733681034436	3.68263552849058	C1
-5.08153765369067	-9.68553139503237	C3
2.21338064503064	-1.72240664298769	C1
-1.34339122939716	-1.52668859298464	C2
2.77099211048474	-0.696984069898091	C1
-13.3111235396923	0.971311313555278	C4
-1.90531575400243	-2.69658781821962	C2
0.97483117412915	2.1650743312097	C1
-5.79898636508594	3.17008016769651	C5
-3.48300080466876	-0.360205190732442	C2
7.09881241154065	3.82658253376249	C1
6.70955402683606	3.852303964541	C1
-1.87091939616809	-1.90956713493105	C2
-1.87830257881294	-2.46637799079653	C2
3.51468450855603	2.02954189245466	C1
-12.5017496841014	2.19610176001552	C4
3.29139263462414	3.57715926830534	C1
4.15354807209363	1.99007384245161	C1
3.57658798527112	-0.95692254836794	C1
-2.20290460158	-2.50419546897646	C2
5.04888660740247	3.62401328747038	C1
-5.88284700084338	2.41579362516168	C5
-13.2285944716991	1.90315012399916	C4
3.22951395344128	1.03648958866362	C1
-4.86304752994189	-7.02349068458315	C3
-3.15161268878589	-1.03133513267275	C2
5.17285187076916	1.32559709017042	C1
4.99185116123547	3.32934795086149	C1
1.97117526363721	2.98381541435484	C1
4.85788900684705	3.38291834060911	C1
3.38613445591321	1.72986255352262	C1
0.26816613506665	-0.0651507550024615	C1
1.77112228702893	2.03324050967459	C1
-1.80909926164756	-2.0118067436957	C2
4.34681589435925	2.08964702253107	C1
4.07210619282117	2.94190369312529	C1
3.44863636326184	0.588364703104533	C1
-3.02640288043628	-1.23051215942141	C2
2.81656963657727	3.16109131042723	C1
-12.3605772750438	1.36941669647459	C4
4.33926517795911	1.55137531225447	C1
-2.00413194927248	-2.50648667152163	C2
1.66375763248791	-1.02317930991884	C1
2.49637110065808	1.81672568385366	C1
5.0829551918446	1.52889595691923	C1
-11.76035945583	2.64833692972425	C4
6.37437851261487	3.42048321430448	C1
4.53935653995862	0.859924537584819	C1
3.33584005665173	4.901948911593	C1
3.97284824680676	1.07139585678343	C1
-5.20527165103564	-9.42762257392641	C3
3.18027288746228	3.7126715010858	C1
-13.2506081359447	1.4989588684297	C4
-1.35678224731097	-0.846814649655782	C2
5.69222624134412	-0.59332014854189	C1
-5.51458447147022	-7.81851269538637	C3
-12.5530668990673	1.07371936504606	C4
-3.52585904765735	-0.534845369412862	C2
-1.88611615169654	-1.44433810050722	C2
-5.13721268344531	-9.60601593787905	C3
5.05620271992078	1.55446628992323	C1
-4.27301900554309	-6.83659626777407	C3
3.12332088779797	3.37294445698027	C1
-12.3798538940013	1.67125551168684	C4
2.67293722462048	4.00458465282682	C1
5.20522816013684	-1.20200969512697	C1
1.21369082760205	-1.16273166473147	C1
4.55409748386731	1.55946676199201	C1
-5.46617357898364	-9.51717736060854	C3
3.26708156895032	0.899560911104716	C1
4.09955437015881	1.4527638382173	C1
-1.23608218598972	-2.4976465874457	C2
6.19495041202893	4.23038659755949	C1
2.4844239456593	1.65746460621122	C1
-11.8113161819042	1.00430737201933	C4
-5.6941375033916	-7.95766236121889	C3
0.979048321956298	-0.366948383405171	C1
-2.24742293823371	-0.974486368253194	C2
-2.80790053773532	-1.95176674659487	C2
4.76825649570813	3.15751783315901	C1
2.81652529072156	-0.166824119641744	C1
2.99463636707654	3.01826725666288	C1
1.72812158893933	1.43900434438948	C1
5.92366249393811	3.64236829941038	C1
3.04564220737805	3.99118159477476	C1
2.0495079262196	-1.77789904411074	C1
-4.87300293613086	-7.15039517219301	C3
-12.1491734283031	1.70273659889463	C4
-6.07127826381335	2.18247398500208	C5
4.31922132801404	2.13029674951795	C1
3.49721414875378	-0.31667711074587	C1
5.51184351276746	2.85091028873686	C1
-12.777036358601	1.26491401855711	C4
2.28161938022961	-1.34846021468874	C1
-5.26159541774402	-6.97673584754702	C3
-5.65043943095813	-7.59993721778627	C3
3.78618891071667	4.82728622619871	C1
-4.8464276092113	-6.97037770087954	C3
-5.72363536525378	-8.32626320655581	C3
1.83340961765637	-1.93661572273012	C1
2.13346845936169	3.25264964763883	C1
3.26831228565564	5.01264570419554	C1
-12.2653099792064	1.6268343753076	C4
2.02092726063122	-0.989019649579488	C1
2.24260027241101	2.12371206049684	C1
3.0138862831532	-2.15111376579043	C1
3.64054376911511	-0.256353872373067	C1
5.19354898762097	1.36553816263441	C1
-5.21966068912158	-8.83679940040346	C3
5.76331980060925	3.25974134866957	C1
1.79371697735181	3.66866026584867	C1
3.79040796589246	3.32954893772367	C1
2.77118332218518	1.14238093559507	C1
0.574175666087768	-1.50478889281984	C1
-13.451349903828	0.900168520853557	C4
2.69442493748059	-1.68529655273195	C1
-5.36535232234607	-8.12498261268374	C3
-1.99574447516213	-0.950265901639424	C2
4.11374599766125	3.22681949798826	C1
1.24256069492688	-0.0454733544134722	C1
1.14144880604138	-1.31193377311464	C1
5.8312633736073	-0.817456739499532	C1
-12.9513661162914	1.18939648334745	C4
-5.29950921702991	-8.19799305732485	C3
2.10213787388196	1.00946877662901	C1
-1.76115848589549	-2.46680332954165	C2
-2.09593954402814	-1.66510583694216	C2
6.5734713776051	4.16682491962675	C1
4.6305649979054	2.26087943789426	C1
-12.3007256286205	1.38513122265104	C4
-12.5144469039501	1.79980049793486	C4
5.6701191170155	2.25541644868318	C1
4.77243311237683	3.5465543097711	C1
3.94695122074475	0.0979697531915082	C1
3.11656505894055	-1.24414374168154	C1
5.57134754490247	2.673582119391	C1
4.49396784138074	3.41306541626219	C1
4.05676443409314	4.79846952621702	C1
3.28983194660535	2.80097864334349	C1
1.57364017795911	-1.6708598309302	C1
-2.10388797242055	-0.902057664945088	C2
4.03803093265881	3.06833038990263	C1
-3.00572823453555	-0.603247898175679	C2
-3.63839404750476	-0.823105590894185	C2
1.95472724270215	3.11128781502012	C1
-5.77378146815906	2.56689701740507	C5
4.66209633182874	0.151694757387675	C1
2.71476919483533	-1.44539095695253	C1
-0.815036823040345	-1.38483597572085	C2
-0.853615929371216	-0.370470064237081	C1
3.63929874729504	2.942321044848	C1
-0.0053269164622809	-1.31095434959169	C1
0.0465088589130853	-0.270271556928121	C1
-3.02255313563953	-2.15353133018252	C2
-5.41849081683765	-9.46840264137026	C3
5.11570341419568	2.78494260971311	C1
5.11589462589612	4.13761900131468	C1
-1.54295273590694	-1.92822100455996	C2
-3.09947817493091	-1.99118162925478	C2
6.11389477085461	2.63586024706129	C1
3.18803055118909	1.86443216864828	C1
4.19519550632825	3.68151341144804	C1
3.98582584690442	2.50189947848085	C1
6.72893364261975	3.93821368877653	C1
-3.02340166736255	-2.29040266807314	C2
1.30200464557996	2.41249143843416	C1
2.46531469654431	1.44478474323515	C1
4.93230659794202	2.83153567974333	C1
1.0810294849812	2.02335981790785	C1
2.88176710438122	1.50180218879942	C1
5.01740867924084	1.74104861681227	C1
-3.69374578166614	-0.34953262145754	C2
1.84046370815625	0.919435483858623	C1
3.38435966801038	3.06219951574568	C1
0.0205345852314447	-0.889827507092916	C1
-3.89331572223315	-0.0661726170324908	C2
4.92272693943372	0.816481692240275	C1
4.14253742527356	3.72910843555693	C1
-0.752600123173096	-1.1576807671332	C1
4.47218401264539	3.75321672622923	C1
5.69135839771619	2.00611088936094	C1
-3.43455116916309	-0.457598941876851	C2
-12.6652390258373	1.38381187383894	C4
-5.3281809585155	-8.52675320441958	C3
4.90291769337048	-1.43037082488772	C1
2.94932539295544	3.89572630588774	C1
6.31758911442151	3.87254915897612	C1
5.19801647495618	1.48032282058958	C1
-12.7691361205638	2.28561899716843	C4
6.53415043186536	3.92056320373777	C1
2.18088371586194	-1.39163066680666	C1
5.28808004688611	-0.506105917050801	C1
-12.7158343093456	1.10897551243071	C4
-2.83420573640476	-0.393888967587911	C2
5.29755003284802	2.50327218835119	C1
4.65518934559216	0.499911767885722	C1
-5.71146862674365	-9.01670147712465	C3
2.17484266590466	-0.888332622601949	C1
4.93676884006848	2.09780841831926	C1
3.49019462894788	2.96158294145826	C1
-5.56206696200977	3.19240866367582	C5
-1.4552106158794	-2.03171231086489	C1
5.15250952076306	2.99079946939711	C1
-5.47828214336047	-8.24234654243227	C3
-1.96761746052513	-2.91705538566347	C2
5.21556646656384	3.54484568302397	C1
5.47416050266614	3.60558829967741	C1
6.08589298557629	3.65645561878446	C1
-2.07551156449924	-2.27576138313051	C2
0.302728722804687	-0.575642602994405	C1
6.62518532108655	3.75972567264799	C1
-4.93462984729419	-7.64650990302797	C3
2.87234051060071	1.21416125957731	C1
2.65898306202283	-0.390515344693624	C1
-4.46906678844104	-6.79200817878481	C3
-0.058066298252442	-1.22428132827517	C1
4.22042257618298	0.0653724498010053	C1
4.65609533619275	1.98037232224707	C1
5.76071770023694	4.67573998634581	C1
-5.62515943217883	2.93254349891905	C5
5.065664599651	-1.2364263706946	C1
0.646237681621215	-1.37437822158571	C1
-4.71196406055103	-6.87455345924135	C3
-5.55259053874622	-7.35061909492251	C3
-4.34971611667285	-6.75147988136049	C3
4.90954096149792	1.50342266027693	C1
4.06837303470959	3.75539622967008	C1
-1.00791769195209	-0.364195364072286	C2
-2.5858291881145	-2.42348648841616	C2
-4.44795196223865	-8.97469021613833	C1
4.65013677906384	3.14454237882856	C1
3.64398557972302	3.47572098438505	C1
2.69415123295178	-1.76159407432314	C1
-1.90656346548209	-1.942040699079	C2
1.94596917461743	-1.17215897376772	C1
-5.27435224223743	-7.1317813568854	C3
-1.23791359830508	-1.42808057601687	C2
6.53512413334241	3.96850596134428	C1
1.79335291218152	3.21701167289976	C1
1.76271135639539	2.8860950893617	C1
-2.55980007815967	-0.875199812009297	C2
-12.2014605300487	1.0398187464929	C4
0.289369414561889	-0.48434593017336	C1
4.79241401981702	4.55626819793943	C1
-12.5538822906078	2.23472000052098	C4
4.69074089359631	2.4692489332414	C1
4.53358728718152	-1.00429918105837	C1
-2.10463165957341	-2.22314764793154	C2
1.32602126430859	1.14233313266996	C1
6.84999210667004	3.7773481435037	C1
-5.44211356807361	-7.33320404823061	C3
3.88882620167126	0.180110914156474	C1
3.25748998951306	4.90851638977293	C1
4.04675609897961	0.443311077997722	C1
-1.50026642251621	-2.30087639625307	C2
2.73975498508801	2.15430029992823	C1
-2.31109442282329	-1.37623264129397	C2
1.81384856533398	-1.34164120490786	C1
3.06123859714856	-0.604863422467671	C1
2.55013258289685	-2.42353131110903	C1
-2.72345762420306	-0.887065666272603	C2
-1.00621168780933	-0.43832542236086	C2
4.05614073109021	3.51841471855406	C1
5.92305929493298	3.39633832638029	C1
1.89030129742017	1.37264583770994	C1
-12.9360148208202	0.889281613276042	C4
3.63686115574231	2.84657303755049	C1
1.77231771778455	2.81477986042265	C1
-0.588245321995118	-1.55773212249514	C1
4.75511390995374	1.66262511675123	C1
3.61054546665539	-1.99118115241762	C1
0.400390694850585	-0.108304040982686	C1
4.13921625446667	1.5617874092317	C1
1.10336239170422	2.2848188639513	C1
-13.1048695342601	2.03569355373148	C4
4.58253843616833	1.29680602018598	C1
-5.00364654231677	-7.96234108741518	C3
-11.6398121612133	1.96416209404234	C4
4.51865131687512	3.6384378499246	C1
0.142593930476806	-1.96710898216005	C1
0.339469979518554	-1.70706798370119	C1
2.62735636066785	-1.23316623504397	C1
2.02618057560315	-2.09958531196352	C1
1.79505379032483	1.46149824325804	C1
-5.55740158725391	-9.4063584976935	C3
2.96239263843884	-1.03829290206667	C1
-2.00932441349002	-1.77817942435976	C2
1.76825005840649	-1.34311057861086	C1
-5.66867201495776	2.66308419172529	C5
-11.4962727325023	2.42016874019865	C1
-1.95093972328911	-2.63918473060366	C2
4.16251976322522	0.0239422148919477	C1
2.47344620060315	-0.131131189420186	C1
1.08253366779675	2.58878926698927	C1
1.43446905445447	-0.62273647125002	C1
4.38400966953625	2.84038172428373	C1
-5.50524251628528	-9.58732201392885	C3
4.76108724903455	4.95586846534971	C1
3.07940084766736	-1.55866863067385	C1
-12.5069624679149	1.27247987453703	C4
2.14303190540662	-1.73901535804506	C1
-13.0310646789135	1.22163830463652	C4
-3.22424118686328	-0.649045484616719	C2
-2.06422643828998	-1.33886887367006	C2
3.75332290958752	1.23297987644438	C1
2.3529017670094	2.72625358168844	C1
-2.42989506292949	-1.2761676483893	C2
4.03261501621594	2.04440970484976	C1
4.24717647861829	-0.127515333249532	C1
-5.53435509372363	-8.89700295264956	C1
1.60222346615185	-1.92040707404848	C1
2.79129631351819	-1.59975411231752	C1
-1.42967127729068	-1.01732088859316	C2
6.27544815372815	2.83989582721952	C1
-0.256307293659547	-0.789898889615499	C1
-12.538562466389	2.33717139576439	C4
2.66732389759412	2.21307087455753	C1
-3.45350830722461	-0.346732156827413	C2
1.31026060413708	-1.29743744666811	C1
6.47716457676282	2.87721131508116	C1
-3.6179131763042	-0.879007356717549	C2
3.21447021793713	2.00817362730268	C1
1.6060813171803	-1.18485380943056	C1
-5.67315452266345	-9.48274304206606	C3
-2.28431170154224	-1.50109721954104	C2
-5.23824970889697	-9.71165825660463	C3
-11.620500256306	1.03170035545591	C4
0.900426219218871	1.90528966252569	C1
-4.45606677699695	-6.88027359779116	C3
2.1790998680531	1.43651191656355	C1
3.527578662151	1.11235509578947	C1
2.17154676746716	-1.399067419126	C1
3.53696472477307	-0.34406592185732	C1
-12.0380398528636	2.42189639572863	C4
-5.27406065631519	-9.70465637977358	C3
1.96696646046033	-2.23192669685122	C1
-5.68681686092029	-8.44536377723452	C3
0.812908242458007	1.85528160397772	C1
2.02895433735242	-0.681850927426778	C1
-5.19066064525256	-8.33972050483461	C3
3.68022615742078	0.837803465769328	C1
1.84173018764844	-0.358588951184712	C1
1.23880417179456	2.63828567926649	C1
-12.7625138061107	1.67659352485899	C4
6.53192360233655	4.3171887225366	C1
-1.7895482974113	-0.507866161420308	C2
2.66909916233411	-0.883503692700826	C1
1.76331455540051	-0.976338880612813	C1
-4.4000119464458	-7.87077118690249	C3
-12.2929770247997	1.54423986141447	C4
3.9011662704884	1.92665247385267	C1
-2.50721167493472	-1.47472383315798	C2
1.31089384388318	0.23406718437437	C1
2.66206390690198	-1.75236059959169	C1
-1.50743978191028	-1.48251106078859	C2
-5.44728772807727	-8.53398968513247	C3
3.38100035023083	1.63698456947569	C1
3.59264309238782	-0.282106178357564	C1
2.64053661655774	-1.99478890235659	C1
4.26162607502332	0.296108824656047	C1
2.29578239750256	3.92949996654753	C1
-1.8110495703281	-1.4909007721686	C2
6.78088505100598	3.57636879150633	C1
1.34967691730847	0.323672992632426	C1
-2.23540197778354	-0.638627546384297	C2
-5.63992541003833	-9.14548756416079	C3
-0.591812898403504	-0.0546424561285601	C1
-3.05379038024555	-1.00940896804567	C2
2.76682836841931	1.44458178941969	C1
3.49145681690564	0.154002887651957	C1
3.14817220997205	3.83402691547636	C1
-11.9562842147411	2.18732089315418	C4
3.52695591282239	2.29300408669624	C1
-1.84063618350635	-1.39255000884768	C2
-5.32441704440723	-8.48394753272768	C3
-1.34709971118579	-1.93171192939516	C2
2.01361734699597	3.70761953060392	C1
-2.58733980823169	-0.852862375333272	C2
1.39507372211804	-1.38588907058474	C1
5.61736090015759	2.97753928367857	C1
-5.81579392123828	2.72040618722204	C5
-5.84109347034106	2.47758789126638	C5
2.25875694584241	2.76112560693983	C1
-2.66821603942523	-2.07138754661318	C2
3.09031088184705	2.66769577328924	C1
3.00536377262463	4.79017995064024	C1
3.98253710102429	1.48794267837767	C1
-5.92378585506091	3.02119748060469	C5
5.94188387226453	-0.526109712674581	C1
3.73111278843274	1.42657278244261	C1
-4.9540640609325	-6.93463112647768	C3
0.0132079822956537	-0.326200502469502	C1
4.70275957416882	1.93897117440466	C1
-4.61386625934253	-8.98017956550356	C3
-1.72244246769557	-0.577169435574971	C2
1.20120150875439	-1.5862217121863	C1
4.52552730869641	3.30177305404905	C1
3.33790237736096	1.86701015894178	C1
6.30500061344495	-0.108831661298238	C1
6.92649109196057	4.23429988090757	C1
-0.190990616566041	-0.0478799515509234	C1
-5.63516943622241	-8.97133805091616	C3
2.45275051426282	4.39458511535887	C1
1.16521317791333	2.43324902419809	C1
3.2559140427052	-1.84642483527895	C1
-2.9306470649303	-1.20878841216799	C2
1.86078603100171	2.35662303631071	C1
5.03229124378552	2.70486436550383	C1
5.27251703571667	4.76080606643919	C1
2.22679359745373	-1.08267905051943	C1
-5.8675903575481	3.13876394693617	C5
3.9451697571217	1.99767549102072	C1
3.27032549213757	4.92952321235899	C1
0.157369921916625	-0.196610944821797	C1
6.95638019871106	4.02379451458219	C1
2.93025953602185	0.832791430399455	C1
2.14902288746228	2.89342240755323	C1
1.31205112766614	2.81599740450148	C1
-1.67700787354121	-2.22655035789248	C2
2.07187444996228	-1.87214924628969	C1
-5.29770391154895	-9.66227318580385	C3
2.6951287491261	1.51034371320967	C1
-1.92856412101398	-0.847023265912496	C2
-2.01602347474406	-1.44321061904665	C2
3.6222584946095	3.26199982826475	C1
4.60020525287976	3.56907532875303	C1
2.29062111210217	4.07411537830595	C1
5.13989431690564	3.41190086071257	C1
-1.97215152997384	-1.0011022263312	C2
4.68929464649548	2.9401642507768	C1
3.90941316913953	2.47701526944403	C1
2.33500654529919	-1.97211386497255	C1
-3.74619345832477	-0.191646354749166	C2
-5.89140384364734	2.24353869398002	C5
0.20879466366162	-0.201365249707662	C1
-5.88084094691882	3.09981499378446	C5
4.86101801227917	3.29403052990202	C1
6.85707504581799	3.47569964592222	C1
-0.886286546474793	-1.06647445495363	C2
-4.9848233954967	-6.94130493934389	C3
-4.42043249774585	-6.62618328864809	C3
0.133770774119994	-1.59622289474245	C1
-1.53913142252574	-2.41489626701113	C2
4.4134314758717	4.94973872368101	C1
3.5509374840199	3.88524602119688	C1
1.27911979984631	0.501583082125224	C1
4.41605503391614	0.0812804526543989	C1
-1.85522908437858	-0.876808183743917	C2
6.77019150089612	4.08910594646696	C1
3.31819946598401	1.77803949777845	C1
1.85098917316785	2.98512314026121	C1
3.7459419472157	-0.540644662930928	C1
2.64875061344495	1.47210024063352	C1
4.10955555271497	2.07104548578028	C1
1.80284650158276	-0.749624746396504	C1
4.44941932987561	1.42696605388883	C1
-12.7117115752758	2.46944172446493	C4
-5.62273948360095	-7.68082596595522	C3
2.390371630901	-1.57877184684511	C1
-11.6555096404613	2.61568249528173	C4
0.798686097377441	-1.80129124458071	C1
-4.05066101718555	-6.62566353614565	C1
-5.840176989323	3.2280037826753	C5
3.90701706241956	0.724668247149028	C1
1.37172634434094	-1.11216069991823	C1
5.28971130680432	-1.1781554394507	C1
3.28900034260144	3.68065462772612	C1
3.51394541096081	-1.37485839660402	C1
6.88087017368665	3.35586283867124	C1
2.70529730152478	0.892770630762614	C1
3.03076202701916	2.30214117792312	C1
-12.7263123290599	2.07633997266058	C4
2.33258659672131	3.5469159907556	C1
-12.7318560378612	2.48948202793363	C4
-5.77838533092151	2.88966165249113	C5
2.1918419105946	3.89230654899839	C1
6.99124557804456	4.13523946468595	C1
-3.1142373578609	-1.36347915466066	C2
-11.7452818648876	0.977239829943217	C4
4.6627310020863	0.82572863762144	C1
4.08620483707776	1.35606656734709	C1
3.02019293140759	0.282132131502665	C1
3.24498493503918	0.714829546854533	C1
-5.51061980891834	-9.57150723273989	C3
4.00611860584607	1.8576946384168	C1
2.80489189457288	-1.7662537270331	C1
6.17940742802014	2.1881901225901	C1
-1.80193353164802	-1.89369274909731	C2
-1.67635103035579	-1.57880594070192	C2
3.47468216251721	-1.01427413757082	C1
-12.7960449950756	1.10433755581144	C4
0.6780012352406	-0.56251861388918	C1
4.64099247288098	4.56032918159727	C1
-4.80985777545581	-9.39945008094545	C3
-5.39977185893665	-9.28143860633608	C3
-3.35070913005481	-0.655175703122579	C2
6.14916260074963	3.83321068947081	C1
-1.32267885375629	-0.747473257138692	C2
-4.93822806048999	-9.77053715522524	C3
3.83652479481091	-0.263383405759297	C1
-2.44167288113246	-2.41367508704897	C2
3.19155914615979	5.00081942741636	C1
4.34816963505139	2.64003632728819	C1
3.95156318973889	5.12480900947813	C1
-3.47450249362598	-0.376850383832418	C2
-1.17206822801242	-2.11859061057802	C2
-5.44282000232349	-8.51141526038881	C3
2.2300294144093	-1.91694046790835	C1
3.40782434772839	5.14588354294065	C1
-5.55239074397693	-7.32995201881167	C3
-0.797269870525696	-1.32615997131106	C1
-12.4118115203441	1.43289534513716	C4
2.94013006519665	-0.720175283505879	C1
3.07417852711072	-0.747412937238179	C1
6.36605293583264	3.99324796859983	C1
6.3769381744801	3.8984259194589	C1
6.42843563389172	3.51691888038877	C1
3.79431660007825	1.69635425274137	C1
3.52185566257825	1.59514270488981	C1
1.74631864857068	3.56237171356443	C1
-1.27424948382983	-1.02568461234804	C2
3.28803093265881	-0.804230707242452	C1
-1.16694330144534	-0.98803998763796	C1
4.45174200367322	0.779831630632914	C1
-2.88327031303058	-0.686536329343282	C2
2.82159168552747	3.85103998844389	C1
2.70779163669934	3.80436847870115	C1
-5.04210131335864	-8.48525025184389	C3
3.1660702927052	3.63250230018858	C1
6.31533176731458	-0.190734165265523	C1
3.96070654224744	4.64555023376707	C1
-5.41593401599536	-8.48701836402651	C3
5.2756427032887	3.25645218555693	C1
2.83474142383923	-0.625621336057149	C1
3.48444683384289	0.14012072746519	C1
4.36652262043347	1.73201112215284	C1
3.93340618442883	0.399533612177409	C1
3.36524088215222	1.3865116066194	C1
2.43644935917248	2.91506825153593	C1
4.3675764305531	3.56046674911741	C1
2.86100847553601	-1.84483839805361	C1
-2.14951907563815	-2.18157364661928	C2
1.29281360935559	2.05021191899542	C1
5.81479961704602	2.77738253538374	C1
-5.56900851894031	-8.08658577735659	C3
-1.97526840213547	-1.15042068298098	C2
4.53570635151257	1.93658537928823	C1
4.1251619560658	3.69732413952116	C1
4.21725208591809	-1.68098403747316	C1
-0.0106091992915656	-0.649496810986959	C1
6.2518742783009	3.02878091995481	C1
5.66049177479138	2.55943457548384	C1
1.76740581821789	2.72647003595594	C1
3.92800791096081	3.55017505352262	C1
-5.59402458835254	-9.10492302711245	C3
-5.66181962657581	3.05645690624479	C5
1.89930350612988	-1.84661604697939	C1
4.26807958912244	1.96086643402342	C1
2.33602840732922	-2.0091302567267	C1
4.32188637089124	0.212383253023662	C1
1.92327220272412	-1.63464524085756	C1
1.84824449848523	2.8371203965402	C1
1.95062596630444	-1.5143804722571	C1
5.19433672260632	1.01119337742094	C1
-12.7251669662059	1.72818307344679	C3
3.36071045231213	-0.290270822598897	C1
2.78269560169568	2.26297131133143	C1
-5.70104782748828	-9.06507946784731	C3
1.03998262714734	2.49716859822039	C1
-5.72107260394702	3.02556554739241	C5
3.59241230320325	2.2941566961712	C1
1.73611552547803	2.37532187019352	C1
3.83538563083997	-0.604920881345235	C1
4.10137207340588	2.24437702213291	C1
-1.86374445725093	-2.00621296699282	C2
3.18245870899548	1.2571164197183	C1
0.0921607716022943	-0.715543525769673	C1
4.59594805073132	2.91798464720014	C1
5.15523512195935	-0.704576271131002	C1
4.81987602543225	1.48810480301145	C1
-1.83128001261363	-2.37860132987734	C2
1.5840173466145	1.63655422394041	C1
-5.97428481746326	2.4032267532206	C5
-5.35925738978992	-7.27563740546938	C3
2.75428755115857	-1.52176262672182	C1
3.71679766010632	3.32095788185362	C1
4.03416712116589	-1.58203508193728	C1
-5.38095491099963	-7.66901089484926	C3
1.49392301868787	-0.0945844822668658	C1
4.60221702885022	-1.56452228362795	C1
-12.1598774688304	1.93419308726553	C4
5.92998535465588	4.09416316215757	C1
-5.48937647510181	-6.9261224442267	C3
4.48047287296643	2.91480175916914	C1
2.09776098560681	-1.84184099967714	C1
6.92178470920911	4.0655401772714	C1
2.52149946522107	-1.80071331794497	C1
-2.06541580799828	-2.22699000175234	C2
3.42220289539685	2.32011317972902	C1
5.791570018047	1.3482105559564	C1
-2.30655880737911	-1.73069264228579	C2
4.71404535602917	1.56722251837019	C1
-13.5147501723827	1.05006311599974	C4
1.01405246090283	2.12989559535746	C1
3.97566206287732	2.69166578118566	C1
6.69178135227551	4.04824362461332	C1
6.74377949070325	4.09219775860075	C1
1.86065084766736	2.51517130200628	C1
-5.19651930499683	-9.60709740455385	C3
3.74780876469006	2.15186346833471	C1
-5.21843331027637	-7.79901100929018	C3
5.07289631199231	2.95047025148634	C1
-13.4215475814403	1.31180415813688	C4
2.67932112049451	3.27868263189558	C1
-3.65647583175311	-0.789729374005757	C2
-13.5299860732616	0.891802532122172	C4
4.67671425175061	1.26807223026518	C1
-0.116940070873597	-0.339595573499166	C1
3.70739538502087	2.54892833297018	C1
2.19679100345959	-2.20360066230532	C1
-3.53006272483478	-0.479751127316915	C2
-4.60997646022449	-8.95893551643129	C3
-3.35245173144946	-0.528505104138814	C2
1.18024308513989	0.612189037249125	C1
2.7362721664845	-1.83640791709658	C1
4.30380041431775	3.32045911018614	C1
2.93573696445813	-1.69769622619387	C1
-1.86599813867221	-1.36731507117983	C2
-1.97567932400713	-1.233464735105	C2
4.8950479729115	2.82214121286634	C1
6.57486755680432	4.37491748993162	C1
-12.5045782821239	1.51752857630018	C4
2.62766964268079	-1.49098588760134	C1
-2.32330836821208	-1.55662276084658	C2
-4.57117860484729	-7.31436802680727	C3
-3.53689341712604	-0.708424108579122	C2
0.122022221797607	0.116221649096049	C1
2.49590141605725	-2.07911898429628	C1
2.27253706287732	-1.87078787620302	C1
-3.65137605834613	-0.692347305371724	C2
-13.1107403533519	1.15809581939939	C4
3.26718361210217	4.81248210136656	C1
0.333024571651122	-0.99804975326296	C1
-4.6206204192699	-6.69764019782778	C3
2.86376554798474	-2.20483996207949	C1
2.27842123340955	2.22992111136083	C1
3.22921688389172	2.46572635833982	C1
0.303395102733276	-1.42462493713137	C1
5.04358036350598	-1.33555557067629	C1
5.47891838383069	3.09159467880491	C1
6.24026424717297	4.10827444259886	C1
4.38196499180188	2.20954090868	C1
-3.14058904815326	-1.84056641395327	C2
-5.40698378253589	-9.45364548499819	C3
5.32832653354993	2.50679346685175	C1
-1.31443010736118	-1.6643307381415	C2
3.76493437122693	-0.650718944623433	C1
-5.572922875172	-8.36193444068667	C3
0.124523947948119	-0.163178461148702	C1
4.11805469822278	1.61616728966001	C1
-1.87276921141753	-2.51367308433291	C2
2.04949981998791	-1.27079321677919	C1
5.28509266208997	2.558766139195	C1
2.42890007328381	1.85489912097219	C1
4.35054666828503	0.313266498491801	C1
-3.50771002936969	-0.707633512570821	C2
-12.3991352813304	0.882912976191081	C4
5.29490644764294	2.01678661768202	C1
-4.38649432826648	-6.78978611762758	C3
-4.55823438335071	-6.90123631294008	C3
2.80782396625867	-1.9559042626166	C1
3.89563019108166	0.900178892061748	C1
1.21653468441357	-0.0236895256781207	C1
-1.20124321151386	-1.18854214484926	C2
-5.41510026622424	-8.46433426673647	C3
2.30501587223401	-1.39855863387819	C1
3.83007938694348	-0.18759562309023	C1
3.98140127491345	5.01775119964842	C1
-1.79890899825702	-1.0718276673102	C2
4.94424421619763	-1.2679798775458	C1
-5.18088333774219	-8.74845005805727	C3
2.68221313785901	-1.68134714896914	C1
3.02938301395764	-1.41425563628908	C1
4.6431735260426	-0.517210023953877	C1
2.03338367771497	-1.79085566337343	C1
3.54898054432263	-1.1080038719916	C1
5.7511065704762	3.12895796959165	C1
1.94752819370618	3.79274807636503	C1
-12.085982968098	1.15552447502378	C4
3.9589317543446	4.88853095237974	C1
2.09728557896008	-0.900205152585469	C1
1.19647319149365	0.836963636324443	C1
4.01142008137097	-1.82652785117861	C1
3.44474251102795	0.742374283716716	C1
-3.45547895599017	-0.49844505126711	C2
-2.09860207605968	-2.60773064429995	C2
-5.76357119250903	3.18273500864271	C5
-1.03042404819141	-0.878945129468404	C2
3.59695131611218	-1.11155916984316	C1
0.222235034221313	-0.959326999738179	C1
2.09086973499646	-0.710492628171407	C1
-11.958056141621	1.88094357912306	C4
1.71783072780957	2.15143000845674	C1
-0.869085003620484	-0.7098469906592	C2
2.36137420963635	-1.79533554847475	C1
-5.04270594287524	-9.6440465622687	C3
1.83131964039197	-2.16341997916933	C1
1.0204518539845	1.78973184292082	C1
-12.4964501159252	1.87175054614309	C4
0.782603810542724	-2.03195645148989	C1
4.455313037151	2.14213500683073	C1
3.83102924656262	-0.884401815488301	C1
5.92036373447766	-0.32477094466921	C1
2.03090746235242	1.92740829055075	C1
6.17490322422375	3.51908086006407	C1
4.06025678943982	1.6770697063661	C1
-3.03351371455798	-0.984830158307515	C2
-13.1171089904369	2.07971359555487	C4
-5.90645377803455	2.37165969376329	C5
-5.42302148509631	-7.21983410651919	C3
-12.0081431167186	2.46258227293257	C4
-4.73476116824756	-9.32966114814516	C3
5.04086668323865	2.85195486013655	C1
3.50239736866345	5.06773589317564	C1
2.56261999439587	3.74001572792295	C1
5.40827448200574	-0.830544012143575	C1
3.81959850620618	-0.0178995304846392	C1
-11.6507059829296	2.64584989611868	C4
2.57399208378186	-1.96208979423281	C1
2.97781259846081	-0.653226154401265	C1
3.80775482487073	1.7618698305345	C1
-5.54394667316089	-9.10344292457338	C3
5.6242960197865	-0.34690524871584	C1
5.73485548328748	-0.782693403317891	C1
-5.04559056926379	-6.87381150062319	C3
-5.26742212939868	-7.06770493324038	C3
3.98838741611829	2.60327981178526	C1
6.57460529636731	3.72893105213407	C1
3.11977131199231	1.0992977446771	C1
2.4147709114491	-2.19268490607973	C1
4.57135135959973	0.688965422556437	C1
1.32747967075696	0.665451509401835	C1
0.0732830269276117	-0.719350355222188	C1
2.52306015323987	-1.02717544372316	C1
-4.99218313861499	-9.63229443366762	C1
6.37860901188245	2.79218820993666	C1
4.05763561558118	1.42433778707746	C1
-4.94792931247363	-9.80192543800112	C3
-5.3332406776012	-8.62172486121889	C3
2.93138916324963	-2.00626541908022	C1
2.4787710411488	-0.992853897168599	C1
-11.4721848266185	1.37135539715055	C4
2.06006271671643	3.38404248420957	C1
-11.8072067992748	1.27392898266081	C4
2.56894142460217	-2.00292088325258	C1
-12.6469399230541	1.22465906803373	C4
1.9108737213551	2.62001012031797	C1
-4.08751456905017	-6.48625160987612	C3
2.10248930286755	-2.04961420829531	C1
2.68882019352307	2.1510035670257	C1
5.70537454914441	3.73877928917173	C1
2.66954834293713	-1.40788938338991	C1
4.3007343513905	0.91981290046934	C1
6.40814812015881	-0.0626897984289752	C1
-0.149212767368653	-1.57860376174685	C1
-11.9421622054637	1.87499625746969	C4
1.82812959980359	1.98013947670225	C1
-1.84782630670676	-0.694010036542378	C2
-3.37802057433734	-0.463111417844258	C2
-2.53905641008029	-1.40457011993166	C2
2.97245294880261	-1.90943266685244	C1
4.27911646198621	-0.35462500388857	C1
4.92366964649548	-1.43628575141665	C1
2.94146139454236	4.77203748886351	C1
4.51913578342786	-0.0486264401220904	C1
6.61389763187756	3.11872230236296	C1
5.2919624550282	2.10270523791078	C1
2.56210024189343	2.92863540117506	C1
3.19637710880627	0.872427088663615	C1
-4.33721225429187	-6.99938084419008	C3
2.46082432102551	-1.1626479798102	C1
3.45067531895032	0.689323765680827	C1
3.10702545475354	-0.441543119504415	C1
3.19010574650159	-0.276397960736714	C1
-11.9443299071849	1.37287334863905	C4
0.865631650203369	2.21307789300445	C1
1.9044256908833	2.05725411836866	C1
-1.41645114589343	-2.06550528342959	C2
4.47680647205701	2.51005813245539	C1
3.82116777729382	0.0108127421594038	C1
2.26509220432629	0.0426537818169965	C1
2.39476568531384	-1.34033228690859	C1
-5.36101811099658	-9.26853253181215	C3
3.269597361797	1.28754047815565	C1
1.93211467098584	-1.25282980735537	C1
-11.9251105086864	1.97539712254766	C4
4.20062239002576	0.477192980692424	C1
1.18792826961865	1.19720075790647	C1
-1.70576145220409	-1.46153475578066	C2
2.93264467548718	2.67555410926107	C1
2.9674185020863	2.97103230421308	C1
-2.28337587881694	-0.965962427213155	C2
2.45128614734997	3.58674345676664	C1
2.08458072971692	-1.55790306861635	C1
-5.74496834445605	2.63390977446798	C5
-12.7585198180736	1.03018174831633	C4
1.23627502750745	-0.253212230756246	C1
-1.59841974545131	-1.89720036323305	C2
1.87150580715527	1.08123074238066	C1
-11.9688231246532	1.29522965614561	C4
3.52176935505261	-1.92434813316103	C1
-5.5415188567699	-8.88028408820864	C3
-5.34430902171741	-9.46890713508364	C3
2.20054418873181	-1.08045460517641	C1
3.81728679966321	3.47430430118803	C1
6.76001388859143	3.90712116424803	C1
-3.43837254214893	-0.49542500312563	C2
3.08480532001843	-0.0630552941107378	C1
3.90296442341199	-0.429824607922994	C1
2.35526974033704	1.99515174095396	C1
6.38425571750989	-0.135817306592427	C1
-2.26491420436511	-1.09507109458681	C2
0.994903395885131	-0.722593086316548	C1
2.42448646854748	-1.82278610999819	C1
5.86294872593274	1.99740598861936	C1
4.27056295704236	1.49458704654936	C1
-3.40853815246234	-0.388467329099141	C2
3.92976314854016	2.49668343131308	C1
1.05489237141003	-0.638313072278462	C1
2.01910526584973	-1.4042616062903	C1
-12.6548973815502	2.38939029489521	C4
3.47675163578381	0.294962269709147	C1
5.14958889316907	1.12069557373289	C1
1.628972361797	-1.84193302924868	C1
1.99448950123181	-1.00138236816164	C1
2.17189295124402	4.11467419330839	C1
3.68504221271863	-1.15538479621645	C1
-12.4036528365673	0.976579768106975	C4
4.60940105747571	0.137602788851298	C1
1.09995515179028	2.20126426731113	C1
-1.61619528103481	-0.792438762738668	C2
2.63701565098157	2.89411400024656	C1
-4.70676987338672	-7.21578385169741	C3
-4.93977444339404	-6.97931649024721	C3
1.22271401714673	0.247237665102519	C1
4.68635208439221	0.819587571070231	C1
-5.30445902515063	-8.92952610786196	C3
0.849131654018066	-0.58107067878481	C1
4.2318456871449	1.42259292070631	C1
3.50869400333752	-0.960384386136495	C1
-2.61054961848865	-0.623835342481099	C2
3.14398605656018	3.51671217148069	C1
-2.28836451936374	-2.34125115211245	C2
3.81714327167859	0.223716480181254	C1
5.33561737369885	3.88772330944303	C1
-12.0436579482616	1.52816407148603	C4
0.652964661830566	-1.54487540061709	C1
3.39410383533826	0.402314049646892	C1
3.37331707310071	2.93304060165647	C1
-2.22402161825309	-1.57713677222963	C2
-13.0983750121654	1.34619156782392	C4
3.39264614414563	-0.493975656583272	C1
4.30515081714978	2.94120143120054	C1
5.41760999988904	1.25451503460173	C1
3.94424946140637	0.951391441271342	C1
-5.31455581355701	-9.64504029090639	C3
2.76994020771374	3.77163897220854	C1
6.94089157413831	4.29116080467466	C1
-4.89535420108447	-9.1220624619269	C3
3.33776838611951	4.4959680861688	C1
5.56883556675305	2.72213087742094	C1
4.4564002258717	3.61732528869871	C1
-5.53913324046741	-9.26554467017885	C3
-12.4874350326122	2.43765872483019	C4
-2.75188290048251	-1.63263608749148	C2
-11.5945736663402	0.895016295359172	C4
6.67977268528333	3.77022908394102	C1
2.42970354389539	-1.93438078696962	C1
3.96157486271252	-0.556386964871846	C1
-3.76743405032764	-0.761271017148458	C2
-2.05669272411475	-1.90232827003237	C2
3.02621300052991	4.62894128029112	C1
6.56610996555676	2.82258216802839	C1
5.65867407154431	2.77772013609175	C1
3.60963184666028	2.43817606334452	C1
-1.40648691821704	-2.41924931342836	C2
-5.1058236854137	-7.44704891975161	C3
1.31059796642651	0.123394948885478	C1
2.50091917347302	1.97130529348616	C1
-5.23363225627551	-9.15325714881655	C3
-2.06159626412997	-1.66183163459536	C2
2.0605695946156	-1.72528960044619	C1
3.26709348987927	-0.242492931439839	C1
3.01937849354138	3.88183496658567	C1
1.84607107471814	3.00006191198591	C1
-5.5918049113811	-9.24436737830874	C3
0.622643302196166	-0.409056442334615	C1
1.66061193775525	-1.48466922576662	C1
6.54103023838391	2.96547440950636	C1
2.30064470600476	1.24682043258909	C1
2.97820217441907	1.59915427629713	C1
-4.83088319469104	-9.34746624763247	C3
-5.04236738849292	-8.87452008064028	C3
2.84542114567151	3.47824118797544	C1
2.54935581516614	-1.51624180610415	C1
0.0233808262287591	-0.626215713574849	C1
3.87415439915051	4.52806947891477	C1
-1.64284526277194	-2.32632614906069	C2
-1.9714806796969	-2.25931240852114	C2
-2.14678423572192	-0.921283500745259	C2
5.86204511951794	1.61496148769621	C1
2.90711195301404	1.69653694097761	C1
-3.61505298782001	-0.663193719937764	C2
-2.12673935014615	-2.40477635200258	C2
1.80042941402783	1.69539163772825	C1
3.3759845001637	4.96558664505247	C1
3.60162670444836	0.372272831842936	C1
5.67128069233289	-0.834142702176534	C1
-2.5447446005405	-1.36376025016543	C2
2.49804384540906	-1.09241868789431	C1
2.85129577946057	-1.61585594947573	C1
1.93657858204236	-0.634504097058736	C1
2.39423544239392	1.65076200430159	C1
3.2983773453175	-0.0890751057409869	C1
3.15361769031872	-1.1651225262427	C1
-12.7012449996532	1.26705609028105	C4
-12.9212700622142	1.16264806453947	C4
1.5420411331593	-0.910637157514058	C1
-2.42416449356685	-2.16753222282168	C2
4.1072757942616	1.17917249862913	C1
-5.57866757083545	-8.94091774757143	C3
1.22277076076855	1.33859942619566	C1
-3.17561690974841	-0.881824987485372	C2
-0.213708926922181	-0.411602991177999	C1
-1.66183738875995	-2.02857043082949	C2
5.50667888950696	3.12680653993849	C1
4.27763778995862	1.61981974308256	C1
5.65265686344495	2.06974610452417	C1
5.65836794208874	4.22925995056394	C1
-12.4160696761669	2.11673809354071	C4
-0.405169536358216	-0.0640833550238238	C1
4.69509489368787	0.807124597475566	C1
-11.6312081115306	0.739935500071086	C4
-5.77219574618945	-8.451158302381	C3
3.65091450046887	0.469634992525615	C1
-5.39108317065845	-7.33240391547915	C3
-5.65642159152637	2.71755586330656	C5
6.81137687992444	3.26112328235868	C1
1.9249711735188	0.89617655937437	C1
-3.34092490840564	-0.581072586133443	C2
2.46702177357068	4.19903801147703	C1
-1.75663148332248	-2.48488117988344	C2
1.20290763210644	0.499591094896831	C1
-11.5120369689525	0.9987711734033	C4
1.72262294124951	2.91134004060987	C1
2.72346861194958	-1.72289540107485	C1
4.94269544910779	2.15197631482843	C1
-2.80516235995898	-1.08816649253603	C2
1.4475644333302	-2.00482298667666	C1
6.52409965824475	2.92876545850996	C1
-2.27063717413554	-1.98516537482973	C2
-1.58473785687099	-1.47271992500063	C2
-2.71213017869602	-1.44290687377688	C2
1.63507850002637	0.372262818262614	C1
-1.4488760130466	-0.94952680404421	C2
5.63241035770764	2.99534658853773	C1
-5.22951929736743	-8.81850888068911	C3
-4.94779079127917	-9.49997784431215	C3
5.1520527107655	-1.32842828567263	C1
5.26198513340344	1.83821032707456	C1
3.48128540348401	-1.33449317748781	C1
6.32042915653577	-0.20302416618105	C1
5.68797619175305	2.86475954715971	C1
6.79980308842053	4.23682211105589	C1
-2.74272512364993	-1.45881344611879	C2
2.87330658268323	3.21566127006773	C1
3.22327883076062	1.01459513370756	C1
-2.0184312183396	-2.60447909171816	C2
-11.7631136672557	1.11774740879301	C4
5.63289434742322	3.95417378608946	C1
-11.5403448836864	1.18815849487547	C4
-4.42745392490039	-6.81632401283022	C3
4.31852228474011	-1.46170045669314	C1
5.04497845005383	3.5129895037866	C1
6.82660133671155	3.80531345073942	C1
3.91640837025037	0.630570275232829	C1
1.13357670139661	2.55474038188223	C1
-5.66097538638721	-9.39352204139467	C3
4.28121168445935	-1.56071974570986	C1
-5.22442357707629	-9.73452450568911	C3
0.181432317012451	-1.56730748946901	C1
4.12325651478162	2.97091756527189	C1
5.44132072758069	2.51691588525537	C1
3.56203729938855	1.80587182705168	C1
3.17763168644299	0.8447424000955	C1
2.99366409611096	1.09212337200407	C1
-5.74460022616992	-9.01796604926821	C3
6.81899196934094	2.8727170056558	C1
2.28037102054944	-1.66897131736513	C1
-5.74432938266406	-8.55478741462465	C3
-4.67052476573596	-7.24747731025454	C3
1.30259544681897	0.559743148729838	C1
1.43788082432141	-0.967710989072286	C1
4.48477823566785	3.87690125171904	C1
5.20635158848157	4.45800111953977	C1
1.20687610935559	2.67129750315908	C1
-4.73509757686267	-8.60287930305239	C3
6.85279877018323	4.04614828293089	C1
3.8082879288136	-0.156111257626973	C1
0.380971024745605	-0.459753053739034	C1
-1.51744641829143	-0.736078994824849	C2
-11.6108576552928	0.950669390604533	C4
5.17708427738538	1.65123836462263	C1
-3.14436988998065	-0.418610113217794	C2
-1.67466550040851	-2.37445284660097	C2
3.35964519810071	-1.14899374778505	C1
-12.8720280425609	1.91426513855223	C4
-5.35737960506091	-8.72319294746157	C1
0.490814994090698	-2.10852791602846	C1
-13.1317459838451	1.10465608303312	C4
-1.80028316844116	-1.37243248756167	C2
5.02331573795666	2.14121304218534	C1
-5.88607590366016	2.85040603344206	C5
5.6625769836842	-0.762689130856954	C1
5.38560993503918	3.7173591679788	C1
3.53736431431164	3.76130090420011	C1
2.14178783726086	1.08597908680204	C1
2.00595552753796	-0.938636081769429	C1
5.27189237903943	2.84351174299482	C1
6.64388115238538	3.16612367098097	C1
-5.36701767612109	-9.27859856422182	C3
-0.787059475666382	-0.470632331922017	C1
3.49252207111706	-1.671288745954	C1
3.23335439991345	2.68627704446081	C1
2.47020942997327	-1.52820827300783	C1
-5.62227599788318	2.8474873131967	C5
1.17539985012402	-1.90755678947207	C1
-4.86379902530322	-9.61952473457094	C3
-11.93867271114	1.55543283884291	C4
3.92752630543103	3.19541285698179	C1
1.99958975147595	3.74303637211088	C1
1.92952639889111	2.15750925009016	C1
1.95226366352429	1.74356291954283	C1
4.43661482166638	-0.271468179776631	C1
5.92338735889783	3.09601770107511	C1
-5.64454429317126	2.82639054720167	C5
-11.6878706710399	2.38321793590549	C4
-12.921736408955	1.27060590450529	C4
-1.35075884032855	-1.83353831107851	C2
6.52950317692151	3.93669973079924	C1
2.43431360554089	1.17681310837034	C1
4.04518253635754	2.68064264719252	C1
2.42048771213879	1.98437146608595	C1
-6.32635705638538	2.22679261256818	C5
2.84153492283215	-2.11502100761171	C1
-2.17751890886436	-1.4185028248572	C2
-4.51769607234607	-6.96740605170961	C3
4.68392927479138	1.71663586561445	C1
-1.94034264702211	-2.09563900764223	C2
-3.10936384368549	-0.499844568326436	C2
-5.06933992076526	-9.80008484657045	C3
4.45898897480359	1.50365350906614	C1
3.02055294346204	-1.60661651427981	C1
-13.0898367660106	1.99713869158987	C4
2.77812702488293	2.17579087381128	C1
3.20280964207043	-1.19149495895144	C1
3.52099020313611	-1.68055345351931	C1
4.23019916843762	4.69334266845945	C1
-5.55130880046497	-9.3745505982184	C3
-1.56906648445735	-0.988842266156636	C2
3.32686455082288	-2.14495446021792	C1
-0.532066394573548	-0.890618103101216	C1
-0.964910198932984	-1.92763974006411	C1
-5.25584309268604	-8.7376687699103	C3
2.56127340626111	3.45987449352507	C1
-1.32912813592563	-0.839152114942037	C2
0.229073832744262	0.551137310907878	C1
6.87458832096448	3.35888598625425	C1
4.00575334858289	2.83925400440458	C1
-5.70393984485278	2.97902111475233	C5
5.67167503666272	3.88683663074736	C1
-5.299809386021	-7.2786319428229	C3
5.90046341251721	-0.547891872479878	C1
-4.89523356128345	-9.67084099586245	C3
-12.5337950484813	2.31026315082673	C2
4.15876276325574	4.86519239609007	C1
2.8961613876759	-1.26408006484743	C1
2.16260750126233	3.85869692032102	C1
2.16716987919202	0.905216557428874	C1
0.922999213451049	2.12997016076807	C1
-5.03805105853687	-8.71722103889223	C3
4.29815513920178	3.66585205261473	C1
2.85590870212903	3.5315933055139	C1
-12.7988783614696	1.58571915094618	C4
-1.00594287086139	-0.308458107068502	C2
-11.748490025288	2.56142116849188	C4
3.77558405231824	2.87083475057844	C1
-5.75052802730212	3.06947205726866	C5
-5.79363315272937	2.87721608345274	C5
-2.24054629076133	-1.59031440551516	C2
-5.36310975719104	-7.24394299323794	C3
-5.49548714328418	-7.82505490119692	C3
5.2710507614552	1.09698794548277	C1
-5.48308293986926	-9.57205845649477	C3
4.38056356739392	2.03111123804811	C1
4.12887174915662	1.00642989341978	C1
-5.58970611262927	-8.52779843147036	C3
2.76429683994641	-0.545943039014302	C1
3.65368635486951	-1.83816029365297	C1
5.75796491932263	2.93692300979856	C1
-0.673862268215516	-0.314258592679463	C2
4.44631893467297	0.684974176332988	C1
4.50976450275769	4.34268472854856	C1
-0.426433374172547	-1.6620741062903	C1
3.04767257999768	2.56875346367124	C1
-4.76864998508105	-8.39310719306704	C3
1.9528659088551	-1.11585428054567	C1
-12.5582796828807	0.865437371180095	C4
-0.651974608188965	-1.2933602505469	C1
5.15632564854016	3.65837655727629	C1
-1.64914279151569	-1.38540436561342	C2
-13.4391562240184	0.949963671610393	C1
6.05843288730969	3.3825909919	C1
2.91109068226208	1.42509953443769	C1
2.62565882038464	-0.23683239753481	C1
4.45452482532849	1.00224552814726	C1
-1.57646342087398	-2.02662016685244	C2
-5.53632395434985	-7.52155091102358	C3
4.54280121158948	3.14872161810163	C1
-2.73342727590213	-0.541964309766255	C2
-5.91701452899585	2.27031893049244	C5
3.0488713486134	3.46044872467283	C1
3.11089355778088	0.0943770236230268	C1
3.75649626087537	-1.85832430656191	C1
-11.5820719497264	2.00375483696226	C1
3.72612078022351	0.0523423976159467	C1
3.91753895115247	0.385074717447795	C1
-2.89521883893619	-2.13062359626528	C2
5.17857057880749	0.932071430132426	C1
-11.7504078643383	1.8649533516622	C4
-13.3428236739696	1.02577624981169	C4
2.40601618122449	-2.09419228370424	C1
-5.20069639850269	-9.1964671784186	C3
2.72602350544324	4.48410700027708	C1
6.15603382419934	-0.0884173088812457	C1
2.97961551975598	-0.459109800412618	C1
-3.23833732772479	-1.86816431815859	C1
2.37252600025525	2.47349171106581	C1
1.49829943012585	-0.733701961591207	C1
5.87188131641736	1.84148709242109	C1
-5.27218787837634	-9.12846066291567	C3
5.5112155182301	4.83289335434202	C1
-2.12375396210561	-1.34678317840334	C2
2.86636240314831	3.78845010463957	C1
-2.22147764731059	-1.9649202996039	C2
2.29779655765881	2.86658195917372	C1
-5.29451387096057	-7.40169312293764	C3
2.32305414509167	-1.66149784858461	C1
4.75903589557996	1.06643913452391	C1
-5.118905712849	-6.98475624854799	C3
1.91369659733166	-2.04167963798281	C1
1.65690691303601	2.78543661300901	C1
-3.21500938106189	-0.71427871520754	C2
-12.2657934920848	1.0978934592462	C4
-5.29732148814807	-9.57869889075991	C3
4.06783516239514	2.79763345186476	C1
0.349388192409179	-0.230304973676168	C1
0.246004412883422	-0.31983758743044	C1
3.9134314758717	-0.184979456021749	C1
2.52901537250867	1.56803481046919	C1
-12.0965554015697	2.49286457662348	C4
-4.83506052661548	-7.04110409553286	C3
-12.1224104659618	1.00623379413847	C4
3.35408193897595	3.28724883262876	C1
3.70627672504773	5.07731412117247	C1
6.95974666904797	3.07096813385252	C1
-1.67654653359065	-1.98181797797915	C2
2.77631504368176	-1.49417282874819	C1
4.09582788776746	-0.140500801160298	C1
4.62150604557385	0.303088051722087	C1
4.9347847206532	2.72436897222761	C1
6.63003666233411	4.2002453631616	C1
-5.08736150432239	-9.53755642707583	C3
2.25730545353284	-1.05151941116091	C1
-0.826362063175538	-1.2781322174811	C2
3.59406692814221	0.038793308184184	C1
3.24458725284924	-1.91908385093447	C1
4.62333757709851	2.22484701265458	C1
6.14316685032239	-0.149590509488545	C1
-1.44658260512958	-2.14960028465029	C2
1.29302174877515	2.19412967328791	C1
-5.70765559840808	-8.95112683112856	C3
3.63832933735242	5.22264097397093	C1
3.01072342228284	-1.72769524390932	C1
-12.3700567977489	1.0180525607324	C4
4.39567119907727	1.12185464565519	C1
-1.33048265147815	-2.20922304923769	C2
4.30996019672742	0.226385337755717	C1
4.60274584125867	-1.68313743407961	C1
-4.88802020717273	-9.50638844306704	C3
3.03829796146741	0.412720543787517	C1
2.25386936497082	3.02295957271818	C1
4.95545084308972	2.4903193688846	C1
3.87752659153332	-0.168053167417012	C1
-12.9359547393383	1.87639860574964	C4
6.171621630901	2.97622428600553	C1
-0.304291536098817	-1.78669716651674	C1
6.04038269352307	2.31368348886136	C1
3.46072990726819	-0.603004472806417	C1
3.69938833546033	3.09989337389234	C1
3.14222414326062	3.45865259830717	C1
-12.4333893554271	1.05977533523802	C4
3.15518314670911	0.243743879244365	C1
3.8560698730885	-1.55869890983339	C1
6.45512516331067	3.64408920471434	C1
-12.6499068038524	1.91864637796644	C4
-5.77851598430286	-9.22255589301821	C3
2.58645517658581	2.17900444333319	C1
-13.1821753280223	1.82919744913343	C4
-5.58020775485645	-8.42002178962465	C3
0.414658139461181	-1.2169442349219	C1
-2.27008940745006	-1.90857722099062	C2
5.96428854297986	-0.426915186002217	C1
-2.52172534633289	-1.45308353240725	C2
-1.62474783230434	-1.1524624996924	C2
3.12248880695691	2.02924678985838	C1
4.58801300358166	-1.54812123115297	C1
-12.5710522430004	1.33712909881834	C4
-1.81237858999381	-1.00484945113894	C2
2.34649355244031	3.20118056003813	C1
-12.7833220260204	1.77895958487753	C4
4.55758936237683	3.34059355919126	C1
-5.5772363441051	-8.01616551215883	C3
-2.38955562282214	-1.57527067001101	C2
-1.77343510556827	-0.970213668897115	C2
1.7162080509602	-1.95284439857241	C1
6.8380149109303	4.11040101711515	C1
2.41016132664075	-1.21963860328432	C1
-5.79265015292773	3.07662378017668	C5
5.24874765705457	4.148406607554	C1
5.40300495457043	3.28046689693693	C1
1.3408327801167	0.0809531039452924	C1
4.56036455463757	5.07949422065977	C1
6.205388377422	2.72808535163168	C1
1.05226547550549	1.42448203031782	C1
3.68419916462292	2.37982947890524	C1
-5.51757543254504	-9.55589367683169	C3
7.12141163181653	3.97280357544187	C1
2.36814052891125	4.30147622291807	C1
2.07413179706921	-2.14331843192812	C1
1.81778628658643	-1.09181787307497	C1
3.97251255344739	2.81228528682951	C1
4.5723841888844	0.223677141115703	C1
2.61235458683362	-1.22497298057314	C1
-5.84500377345691	-9.11423184211489	C3
-0.801109005695679	-0.859367387845479	C2
2.1131237251698	0.212536317751445	C1
3.56394655536999	2.01740665499929	C1
-3.17426877189288	-0.731196182324849	C2
1.67626793217053	-1.38377000625368	C1
-2.50956152845035	-1.10981799895998	C2
-12.4850556151927	1.46124873821501	C4
1.47266990970959	1.66009776060347	C1
-12.0461270110668	0.839099509165324	C4
3.1693022949635	-1.50285078819033	C1
3.55268032383313	0.659640891001262	C1
2.66635973286023	3.28508816425566	C1
-5.38739388156543	-7.12338711555239	C3
-5.11668245959888	-9.19472195441958	C3
3.8644779426991	2.53932265703443	C1
1.19906480144849	1.59078006212477	C1
-5.93704312015186	2.3273962414718	C5
-12.9846121566356	2.11837567155126	C4
-3.09969442058215	-0.815174120023213	C2
1.39170319866528	0.69858179752592	C1
-5.84136145282397	2.88423357670072	C5
3.06034071277966	1.01598976318602	C1
-2.49812804628024	-1.33098556335207	C2
-5.53538458514819	-7.48819901283022	C3
4.19475967716565	3.87214265529875	C1
-5.42279403377185	-8.90356900031801	C3
-3.36025946307788	-0.482446449353658	C2
1.9736715061604	-0.918269413068257	C1
-1.94160546082864	-1.50625588233706	C2
-5.59669559169421	-7.84794689948794	C3
2.40240223240247	-2.10475661094423	C1
-5.85866944957385	3.10009394352201	C5
-3.04369692969928	-2.10180594260927	C2
4.40778238605847	3.0269546336389	C1
-12.646023442036	1.02368257705931	C4
1.48843891453137	-0.867710846021138	C1
2.07155926060071	3.41641281311277	C1
-3.37180023360858	-0.448967235639058	C2
6.09212333988538	4.02188275520567	C1
1.20527441334119	0.328821641848124	C1
5.64077980350842	2.41685068373445	C1
1.46581179928174	1.21700416271452	C1
2.23585731815686	0.885945660517253	C1
6.86593849491467	3.21398453180555	C1
3.43619997333874	1.17154703800444	C1
3.80649645161023	3.05322234098677	C1
-12.2783762710155	0.799453598902263	C4
-1.34116887021671	-1.10865403945681	C2
3.1770098907887	-0.651559608533345	C1
-5.50009911227832	-9.02001072700258	C3
2.00774366688122	2.95685110752348	C1
-13.1983496444286	1.22013042633299	C4
-2.14140500593791	-2.42972256477114	C2
4.56996757816663	0.767463547632731	C1
5.70670873951306	4.60439871017698	C1
3.14677555393567	-2.05075098808046	C1
-4.05196826625476	-6.57490708167788	C1
4.43727047275891	0.278750760004558	C1
5.59708721470227	4.07483277981047	C1
-4.88612168002734	-7.27571656043764	C3
-1.93645803350816	-1.00413467223879	C2
3.17880947422375	3.32649956409696	C1
-12.8587710158885	1.96771491830114	C1
1.28590423893323	-1.88654686744448	C1
4.81785375904431	0.786291343615092	C1
2.01745588611951	2.20264987413649	C1
5.5541842682301	2.14737254147295	C1
-5.76187842059741	2.87989245121244	C5
4.78696281742444	3.16304962103132	C1
3.28102714847913	2.8338154381967	C1
1.84523398708691	-1.73870159919497	C1
6.26559002231946	-0.100088375165425	C1
5.15929920505872	-1.30163647468325	C1
-4.93576185870776	-9.57598568732973	C3
4.03286630939832	0.0183367556786909	C1
1.61802918743481	-0.210028427197896	C1
1.28967721294751	0.259286863253154	C1
1.62196786236157	-2.14200045402285	C1
2.6907547218739	-0.61114241416689	C1
3.85975010227551	-0.266245143964253	C1
-13.1247536437572	1.81205849115614	C4
3.15804464649548	1.97975502674345	C1
-12.6855065124095	1.4041033214784	C4
-11.9468151824535	0.705340368197001	C4
-2.23935065138946	-2.29999710853335	C2
5.61574776005139	-0.351473348691426	C1
4.49856264423718	3.31210146610502	C1
3.21366531681409	0.242015821383037	C1
-12.3450333373607	1.24386010830168	C4
4.08915788959851	-1.17636372382876	C1
-2.95866142678867	-1.79114748771425	C2
6.97077114414563	4.2230405635095	C1
3.80150730442395	-0.935206430509053	C1
6.25311882328381	2.89093868200544	C1
-4.16164295840869	-6.78501107032534	C3
6.889958689922	3.79812203113798	C1
3.26817686390271	1.72607891027693	C1
3.87636120151868	3.58295856182341	C1
4.88327772449841	2.41268448297743	C1
2.05859691929211	3.70802281563047	C1
4.15793545078625	1.31184284155134	C1
4.3732441170155	0.124157888338603	C1
4.43089754413953	0.443372351572551	C1
5.90087206196179	2.50050525133375	C1
-5.95040028262744	2.33111463253263	C5
3.41349346470227	5.01378749077085	C1
0.881387542003295	-1.67068960006472	C1
2.71099359821667	3.91207025711302	C1
-1.9974634917439	-1.95716311271425	C2
-5.60801356006274	-8.63084675605532	C3
2.47331602405896	3.70234296982054	C1
-1.42038165498386	-1.8966100388312	C2
2.77033073734631	3.08643357221846	C1
-1.62182955909381	-1.21158983047243	C2
-5.43678848910938	-7.33810021217104	C3
4.88996107410779	1.36675302450422	C1
3.12333710026135	2.26379855395172	C1
-12.9120871322216	2.20339811359409	C4
5.05165941547742	-0.844053524091207	C1
-5.33884422946582	-7.08395363624331	C3
-4.98717634845386	-9.44949509437319	C3
-12.5663744704784	2.25854746577207	C4
1.48808915447583	-0.581220405652486	C1
-5.98140852618823	2.41722219948534	C5
2.75969202350964	-1.46161581809755	C1
0.0668605072437738	-0.614766853406392	C1
-5.17404358554492	-7.12628723914858	C3
3.81012041401257	2.02209923927549	C1
5.42987186741223	3.91198049251799	C1
1.76162154507031	2.36027534817222	C1
-12.4798561828197	1.43383864824537	C4
2.62358076404919	3.17442326013807	C1
2.05805666279187	3.12303869192366	C1
-12.575729061848	1.05681453411344	C4
-5.85206024814258	3.19025890295271	C5
3.30112917255749	-1.58031870658632	C1
-1.31134956050525	-1.23356439407106	C2
4.64438278507581	2.90195481245283	C1
5.6894701225697	-0.42576004798647	C1
-5.86462490726123	2.99566708271269	C5
1.59747321438184	1.77873338525061	C1
1.95094735454907	-1.69912125404116	C1
4.15965683292737	-0.984020727231465	C1
-0.167525221592286	-0.243489282681905	C1
3.40727979969372	2.66047335927252	C1
-11.7832705276073	0.973201019213237	C4
-3.23672204185138	-0.611522453381978	C2
6.20810348820081	3.82660792534117	C1
-5.73928063083301	2.78027061884169	C5
2.71645290684094	-1.38375427062746	C1
1.77518255543103	0.923870903894938	C1
6.42697079014172	4.12032197181944	C1
1.55815393757214	1.09035061065916	C1
-1.38791494537006	-1.41127921874758	C2
2.43037969898572	-1.24072386558291	C1
-1.3684847848476	-0.78961993987795	C2
2.83365137409558	0.926038963243998	C1
-2.39850627351413	-1.40514733131167	C2
5.17784197162976	1.82272852723364	C1
1.39007766079297	2.66186342899565	C1
-5.48077480960498	-7.83731152351137	C3
2.52066738438	-1.49899150665041	C1
-4.62542669940601	-6.78280903632876	C3
-2.99795471597324	-0.781950491025411	C2
4.44105465244641	0.217783195421733	C1
-5.98555653262744	3.08973906700376	C5
5.41109783481946	-1.08266617591616	C1
-5.32575028110156	-7.14553143317934	C3
5.12235529255261	2.84370557729963	C1
-2.33522157836566	-1.40165664489504	C2
-5.52337114978442	-8.94298626716372	C3
-3.10915403533588	-2.17298580940004	C2
-0.186569501644471	-0.681551712110005	C1
1.68440635036816	-1.20678092773195	C1
3.84399778675427	3.45321450893644	C1
1.25933582615247	0.438207251474894	C1
-2.02793365623663	-2.66185595329043	C2
2.9331601364552	3.63647649948362	C1
-5.76167791057239	-9.23746086890932	C3
3.38388283085217	-1.08272148902651	C1
-2.09501094836602	-1.60097123916384	C2
-4.95259277988086	-7.13907887275454	C3
-3.64639060664783	-0.545665519788228	C2
2.35480816196789	3.31987236206297	C1
3.78103382419934	1.06968782608274	C1
3.41858608555188	5.16432784263853	C1
-5.78149621654163	3.00886855785612	C5
6.30404026340833	-0.175103443219625	C1
4.35040170978894	0.544627768442668	C1
-3.5051349895061	-0.550266998364888	C2
1.27508289646497	1.60511563484434	C1
-3.10433905292163	-1.97258593375918	C2
2.89829237293591	-1.20401789481875	C1
3.06299717258801	2.77508468692068	C1
2.79418117832532	3.58732031051878	C1
3.11442167591443	0.371782404825725	C1
2.65015299152722	-1.59268500144716	C1
4.20525963138928	2.81294099752668	C1
5.87529213260999	-0.411378162457906	C1
3.28001768421521	-0.6784269982123	C1
-4.89973299670825	-9.15124203498598	C3
-4.91934721637378	-9.65606571967836	C1
6.28746731113782	4.35537098114256	C1
1.14238841366162	1.8369441456056	C1
-5.73541515041003	-8.2750861817145	C3
-5.87294070888171	2.3841651580191	C5
2.03728229832043	-0.677181261136495	C1
2.0916975243031	2.58777011697058	C1
-3.06267171073566	-0.747591035916768	C2
5.7926367027699	2.68781392042402	C1
-5.35208027530322	-9.50349880988833	C3
-1.11331962514529	-0.616805093839131	C2
4.45656282734265	3.24027167026762	C1
0.591325829738281	-1.42664768035647	C1
5.39077312778821	1.71712444488768	C1
2.96320564579358	-1.67518450553652	C1
1.25013882946362	1.18211100761656	C1
-5.20177238155017	-9.22233750159975	C3
5.66578466724744	3.40696106617216	C1
3.19948227238049	4.99246667091612	C1
4.91466457676282	2.8527226275659	C1
5.49846441578259	3.12627784673933	C1
-12.2489544646801	1.75088236992124	C4
-5.62527268100391	-7.88368298347231	C3
4.21071750950208	0.575176817820109	C1
-0.585912396198609	-1.1665108376288	C2
-13.0504853026927	1.88204316560987	C4
4.11947805714001	0.0147113627648725	C1
1.31869489979138	-1.70266606147524	C1
-1.79528798628459	-0.754908817365132	C1
-11.604802777058	1.11447845165495	C4
-0.0834684865535285	0.053296071932353	C1
-5.62194101977954	-8.45781113441225	C3
2.13679725956311	1.77056173746351	C1
-5.67548220325122	3.0425504869676	C5
2.64416630100598	3.27581856910948	C1
3.87671549152722	0.502325279161967	C1
1.44306404423108	1.92223061387304	C1
1.96747834514966	1.46151338283781	C1
3.76167948078503	3.17093787853483	C1
-12.6952835815013	2.32273159314755	C4
6.15200741123547	4.08224032585386	C1
3.2608607513844	-2.06227566535708	C1
-2.11748946923623	-1.74833466346499	C2
2.10085422825207	-1.32418634231325	C1
2.38750393223157	-1.88281847770449	C1
2.5390098793446	-1.91748835380312	C1
2.14365656208386	0.423018199846782	C1
2.93037350010266	2.27627914770383	C1
-2.32410370278964	-2.00388552482363	C2
2.22551805805554	0.744172198221721	C1
-0.409673978573182	-1.28824545676943	C1
3.00004274677624	-0.783516662671529	C1
2.69222481083264	-1.9634988480353	C1
1.93796951603284	1.02392695610289	C1
-5.03418033290515	-7.03555084998842	C3
3.89574081730237	0.491778118059672	C1
-5.8918856875957	3.10146043960813	C5
-5.5299152629436	-7.7740457230353	C3
1.89640004467358	1.59266619150404	C1
3.01988203358044	-1.26880003745791	C1
-1.67422618437419	-1.73606278236147	C2
-2.2745211319984	-2.04780747230288	C2
-4.56936853099475	-6.6461570435309	C3
-1.07349490094791	-1.01195265586611	C2
-0.459060479885438	-0.650702493741475	C1
-12.9346930282177	1.53082225982908	C4
3.75108511280408	-0.296038406445943	C1
2.13832981418957	0.291374308512248	C1
2.71806223224988	-1.31339480216738	C1
-4.8034395473064	-6.92414357002016	C3
-5.19343369174609	-7.88111759956118	C3
-5.92894332576404	2.14759410683874	C5
-1.80433664191375	-1.87116028602358	C2
4.8461092216908	2.44347448413137	C1
5.56456930469861	3.69090579216246	C1
3.06927473377576	2.19899057363037	C1
4.78029997181287	-1.4652397804999	C1
3.24816162418713	2.54217462007765	C1
3.67128498386731	4.72737525169615	C1
3.88349897693982	0.206224185869731	C1
2.24281723331799	3.15138344232801	C1
3.11970026325574	3.56051741306547	C1
2.48119528126111	2.02442453567747	C1
1.96121532749524	1.906063897059	C1
4.41250498127332	-0.786394851758443	C1
4.99048693012585	2.90313379232649	C1
2.3861892921864	-1.53549172218081	C1
6.95132191013684	4.18944369022612	C1
4.58690626453748	0.404559237406291	C1
3.12431890797009	-1.30106283958193	C1
0.220499585384033	-0.542757051541768	C1
5.86031086277356	3.74887643520597	C1
-12.9958969848217	2.11273802582983	C4
0.574741910213134	-0.225895660474263	C1
3.57761175464978	1.08857415382627	C1
5.37243444752087	1.16638777916197	C1
1.42774731945386	0.0197582072472944	C1
2.22747833561291	3.04338262741331	C1
3.35038549732556	-1.28075482185122	C1
-12.2523991363109	0.780146700785197	C4
-2.46017198730121	-2.03589417274233	C2
5.41896278690686	3.99493084614042	C1
4.26002580952039	1.63540021841291	C1
2.67890388798108	1.89130203191999	C1
-5.85925858188281	2.94607464735273	C5
-5.55531232524524	-9.00358845527407	C3
3.85518724750867	3.4188173836923	C1
4.42805082630505	3.71753202144865	C1
-4.22619073558459	-6.71099068458315	C3
5.39289266895642	-0.921916025235616	C1
1.41875870060315	1.68640897934202	C1
1.55133731197705	-0.38312317664858	C1
1.51306135486951	1.95726392929319	C1
-1.7490511732162	-2.46760250861879	C2
4.51912720035901	1.39960907165769	C1
5.43878443073621	1.47014038030867	C1
3.79903442692151	0.0785777396417036	C1
-5.29474942851672	-9.32748486335512	C3
3.47570116352429	0.851444465563334	C1
6.26179725956311	-0.245235460355245	C1
5.91687519382825	-0.516598718717061	C1
3.33447677921643	-0.970798271253072	C1
3.14407617878308	-0.137481945111714	C1
-3.17553250957141	-0.636075990750752	C2
-4.7941462295116	-8.89785839851137	C3
3.01968653034558	-1.36956979568239	C1
-5.56301205325732	-8.2435805969977	C3
5.34661371540417	3.99287806217436	C1
3.73270637821545	0.755403382227458	C1
3.63877184223523	2.28077749534387	C1
5.82703811954846	3.65981088344816	C1
-0.978275706058839	-0.465799587323628	C2
-12.2194134490551	1.02411447231535	C4
-5.13380878139148	-7.10886933143374	C3
-0.468038727527955	-1.44126631553408	C1
3.57050115894665	-1.85749604041811	C1
1.76255042385449	-2.05051018531557	C1
-5.7297124164165	3.00196592275862	C5
1.56223470997205	2.21487300609116	C1
6.72400410007825	3.36563454334501	C1
2.30949623417248	3.12751565639738	C1
4.76257593464246	-1.48593499000307	C1
6.330557177776	4.11263750259642	C1
5.19682724308362	2.21151727204088	C1
3.2449858887135	-1.1353533440375	C1
4.21576196979871	1.36176226799253	C1
5.24332172703137	-1.15066863830324	C1
-11.6679445998729	2.52159808342222	C4
-5.43819348979602	-9.5771405869269	C3
2.76875288318982	3.85370741550688	C1
6.11224205326428	3.11135838691954	C1
6.64909775089612	2.88387040560011	C1
-4.95553558040271	-9.41895653541323	C3
6.18117935490002	-0.401690500333272	C1
6.84312755894055	4.29305694763426	C1
3.51020462345471	0.0256957835412397	C1
-4.68852727580676	-7.13212372596499	C3
4.04032738041272	1.8815149790502	C1
6.583562205547	4.19758008186582	C1
-1.34927545953403	-0.992785232617818	C2
-3.46786158252368	-0.73978854949709	C2
-12.7062460677684	1.11660133068327	C4
-11.6007563369335	0.926961285517253	C4
5.35614282917371	1.42541710798506	C1
1.15963632892956	1.18717787925962	C1
3.02574951481213	1.15626404945616	C1
6.53946907352795	3.22457144920591	C1
3.48331577610364	-1.42836858566042	C1
1.65860421490063	-0.18176557357546	C1
4.12771255802502	1.66073392097715	C1
-5.36488692927966	-7.56147076423403	C3
-3.37873428035388	-0.706218021466695	C2
5.00433809589734	1.17446242038969	C1
2.57764704059949	3.23552213375334	C1
3.40690882038464	3.23956940834288	C1
-2.540849675423	-1.24293042953249	C2
1.37733442615857	-0.486278312756978	C1
-12.3330399291576	0.825391394541301	C4
-3.45715599227557	-0.648144500806294	C2
-1.10863374639163	-2.07132269675966	C2
-12.5452267425121	2.46823772554163	C4
2.29569275211682	2.21407247100834	C1
5.55011160206189	4.05932496254209	C1
3.9017036659657	2.40474459295038	C1
1.40838963817944	2.41767698292498	C1
3.53389198612561	0.881232840464152	C1
6.45231277775159	4.01177344982389	C1
6.14930183719983	4.53911159698728	C1
-5.41092031169543	-8.41461159522768	C3
-12.9874302642406	1.53438476984266	C4
5.08867962192883	2.16289317373995	C1
3.93325502704968	1.48204694454435	C1
3.00296480488171	-1.57022430236574	C1
2.19333917927136	0.227339727327861	C1
6.68396694492688	3.81226001446012	C1
1.66037304233899	-1.91002728278872	C1
-11.9558293120922	1.92366333071951	C2
3.98223049473157	3.17070410911802	C1
-0.515367914921143	-1.29697872932192	C1
3.24032909702649	3.75485144321684	C1
5.01789028477063	3.78724001114134	C1
-0.185004760509827	-1.27958180244204	C1
-2.29011039901386	-2.14835144813295	C2
3.02760011982312	-1.82225872810122	C1
5.54744894337048	4.71487496559385	C1
5.92187387775769	3.08857773010496	C1
2.44236404728284	3.81319521133665	C1
-2.47301705647121	-1.19346167381044	C2
4.82648880314221	1.0086566037393	C1
1.33946187328686	-0.122279184415303	C1
3.3767956001698	-0.833391206815206	C1
4.22872383427014	2.52703414623503	C1
-2.13113210070739	-0.993019598081075	C2
2.9901612503468	-1.79071785743471	C1
3.47651703190198	-0.933826463773213	C1
5.03141672443738	2.99948172037367	C1
3.72595197986951	2.93162517015699	C1
5.91485245060315	3.99305258457426	C1
1.48131782841077	-1.55375625427004	C1
2.93177110981335	3.41729388897184	C1
-12.7973944442333	1.40807334844831	C4
5.00936729740491	0.754294258997477	C1
4.10333330463757	3.30104182426695	C1
6.92192299198499	3.45396755401853	C1
4.62034351658215	0.629555446550883	C1
-12.713650395161	1.46653859083418	C4
-3.46228974033008	-0.806870239331685	C2
4.13348753284802	2.33799246092204	C1
-12.346857716328	1.29424904052977	C4
5.11580402683606	3.41771863167051	C1
6.6318848831593	4.22283135120634	C1
-5.47907083202014	-8.56036545570131	C3
4.49130709003796	0.962730271265544	C1
-4.93559901881824	-9.70376564796206	C3
2.48835975956311	0.680181366846599	C1
3.44861919712414	2.34560693566564	C1
-5.18362705875049	-8.17971112067934	C3
4.71509392094006	0.0379476374841108	C1
5.80422003101697	3.53675602142576	C1
2.8428920013844	-0.381466644360982	C1
4.04074413608899	-0.240164058759175	C1
1.83019859623303	1.80524869029287	C1
5.71552879642834	3.14302079145674	C1
2.63253433536877	-0.914183633878194	C1
4.56550628971448	0.780471426889934	C1
2.94905311893811	3.80673335258726	C1
2.26485283207288	-0.40123988921877	C1
-0.410372664219239	-0.678990858151876	C1
-1.38800578284869	-1.65973188216921	C2
2.52576763462414	-1.44730736549135	C1
-12.6463028686107	1.41028015081648	C4
1.98318703007092	2.28429173118312	C1
1.94070703815808	2.45234144990209	C1
2.5174034340321	3.58910475437406	C1
1.54118592571606	-0.441448467328511	C1
3.15681488346448	-1.24698473747011	C1
2.59846718143811	2.37144154076342	C1
-13.3610798614086	1.07190321151976	C4
-5.33704202342639	-7.38133217628237	C3
2.44319326710095	-1.74163271720644	C1
2.19022924732556	-0.911255138471089	C1
-5.57856385875354	-7.58609558875795	C3
0.722652028316161	-1.01346947486635	C1
3.69144279789319	-0.158231275632344	C1
3.58097297977795	3.39458749954466	C1
3.82037765812268	-1.6780665093207	C1
-5.00002806354175	-9.02942063148256	C3
1.14960892032971	-0.686172502591573	C1
-12.4430472152294	2.5719184405065	C4
4.94032318424573	3.91248510544065	C1
2.93045599293103	-1.2681474858069	C1
0.385691712611816	-1.12904335792299	C1
2.04896862339368	2.72495306794409	C1
5.84617359470715	2.84726010029081	C1
-5.67335574794421	3.02555976574186	C5
-13.4443508880199	1.02692101661924	C4
5.83750707935681	3.07249776785139	C1
3.74132616352429	2.66398869220976	C1
5.47669012379041	3.13385276262525	C1
2.40009767841687	2.35143025730614	C1
1.82628710102429	-1.61084772880312	C1
-4.28473107982288	-6.78596951301333	C3
-1.65477936435352	-2.35542179877993	C2
2.35859138798108	-1.62311269576784	C1
1.74137480091443	-1.61650564010378	C1
2.18101436924329	-1.73590399558779	C1
-1.43697564769397	-1.08847357566591	C2
2.62150032352795	2.79938392107252	C1
4.65676433872571	0.411934716150798	C1
-5.43523686099658	-8.56960751350161	C3
-12.9098192946971	2.18391442810062	C4
-0.781260420566895	-0.698969858243428	C1
6.72631389927258	3.65154526893858	C1
2.41746456455579	3.64549706642393	C1
2.79338772129407	2.32351314415101	C1
6.3073523743092	3.30067561332945	C1
3.43192989658704	1.27758620445494	C1
-5.07968061137805	-7.28690792854067	C3
-4.6075166957439	-8.12031723792788	C3
1.8311413032948	-1.55208923156496	C1
-0.71436183620105	-2.18089033897158	C2
-5.20661871600757	-7.10104157264467	C3
4.04153091740002	2.30276044224266	C1
3.74638588260998	3.4165721959329	C1
3.34179527592053	-1.32363511855837	C1
2.04022104572644	-1.48944951827761	C1
-0.0376406209529425	-1.19636871154543	C1
-5.23714082408557	-9.36470295722719	C3
5.406325171703	2.57378445331816	C1
6.23679668735852	4.20815430347685	C1
0.232086489909789	-0.817757862164937	C1
-3.43872528243671	-0.685413616254293	C2
-5.27085082698474	-8.16564442451235	C3
7.03204948734631	4.00237212841276	C1
1.81696088146558	2.55301968519453	C1
-2.34010927844653	-1.63313724334475	C2
2.02791387867322	2.1970584816194	C1
3.56284982990613	3.29292998974089	C1
4.19554407429089	2.46539380912546	C1
-2.39069177675853	-2.05907275016543	C2
2.58463365864148	-0.135654228284322	C1
2.87981445621838	0.964653951571025	C1
5.21664602589001	3.80312548343901	C1
-2.03324359934638	-1.12656738097902	C2
3.88398582767834	3.80478392307524	C1
6.00229008030286	-0.414657848432027	C1
4.1050990326344	0.404366833612956	C1
2.37651283573498	1.61818800632719	C1
2.16245825123181	-1.31247569854494	C1
5.42425663303723	1.5763856596208	C1
4.30312187504163	3.39908133213285	C1
4.17902977299084	-0.526163118436299	C1
-2.2277701990665	-1.45963241393801	C2
2.57493288349499	1.81657685105566	C1
1.45990116428723	-0.120753543927632	C1
2.26963074039807	-0.5241620713019	C1
6.3059800369679	3.81564794246916	C1
-2.39071621466289	-2.26222159202334	C2
-12.5067917602123	1.21059654419187	C4
1.97500760387768	3.45383225147489	C1
3.56261379551282	3.67369983856443	C1
3.36815864872327	3.36681459610227	C1
-5.18999450374255	-8.0688922577643	C3
5.87836868595471	3.87444291774992	C1
1.47828991245618	-1.70796300704714	C1
5.4926288826405	4.74760006134275	C1
-11.6747471587719	1.35038797323469	C4
2.25249988865247	3.51196764175657	C1
1.11251885723462	0.702271563456096	C1
3.8470366699635	2.73498688404325	C1
-0.973136235958436	-1.10589196021792	C2
1.94846255611768	-1.41350724036928	C1
2.88096029590955	-1.27439166839357	C1
0.42337329220166	-1.22594048316713	C1
6.40334636997571	3.13470689718489	C1
-0.547999431377747	-0.503278987958394	C1
2.40306551288953	-0.92243243987795	C1
4.53412754368176	0.329914075777568	C1
4.46945984196057	0.502797943995036	C1
-3.67917149234424	-0.378708141400777	C2
4.55262596439709	3.83404968445066	C1
-11.5264755981029	0.892785293505229	C4
2.277747462505	0.267691356585063	C1
-5.56261460948596	-7.45256783302065	C3
1.6013422710835	-0.304252880170308	C1
