C3L.00004.T1_C1	C3L.00004.T1_C2	C3L.00010.T1_C1	C3L.00010.T1_C2	C3L.00010.T1_C3	C3L.00010.T1_C4	C3L.00026.T1_C1	C3L.00026.T1_C2	C3L.00026.T1_C3	C3L.00079.T1_C1	C3L.00079.T1_C2	C3L.00079.T1_C3	C3L.00079.T1_C4	C3L.00079.T1_C5	C3L.00088.T1_C1	C3L.00088.T2_C1	C3L.00088.T2_C4	C3L.00088.T2_C5	C3L.00096.T1_C1	C3L.00096.T1_C2	C3L.00096.T1_C3	C3L.00416.T1_C1	C3L.00416.T1_C10	C3L.00416.T1_C2	C3L.00416.T1_C3	C3L.00416.T1_C4	C3L.00416.T1_C5	C3L.00416.T1_C6	C3L.00416.T1_C7	C3L.00416.T1_C8	C3L.00416.T1_C9	C3L.00416.T2_C1	C3L.00416.T2_C2	C3L.00416.T2_C4	C3L.00448.T1_C1	C3L.00448.T1_C2	C3L.00448.T1_C3	C3L.00448.T1_C4	C3L.00583.T1_C1	C3L.00583.T1_C2	C3L.00610.T1_C1	C3L.00790.T1_C1	C3L.00813.T1_C1	C3L.00813.T1_C2	C3L.00813.T1_C3	C3L.00813.T1_C6	C3L.00908.T1_C1	C3L.00908.T1_C2	C3L.00917.T1_C1	C3L.00917.T1_C2	C3L.00917.T1_C3	C3L.01287.T1_C1	C3L.01302.T1_C1	C3L.01302.T1_C2	C3L.01302.T1_C3	C3L.01302.T1_C4	C3L.01302.T1_C5	C3L.01313.T1_C1	C3L.01313.T1_C2	C3L.01313.T1_C4	C3L.01313.T1_C5	C3L.01313.T1_C6	C3N.00177.T1_C1	C3N.00242.T1_C1	C3N.00317.T1_C1	C3N.00317.T1_C2	C3N.00317.T1_C3	C3N.00317.T1_C4	C3N.00317.T1_C5	C3N.00437.T1_C1	C3N.00437.T1_C2	C3N.00437.T1_C3	C3N.00437.T1_C4	C3N.00495.T1_C1	C3N.00733.T1_C1	C3N.00733.T1_C2	C3N.00733.T1_C5	C3N.00733.T2_C1	C3N.00733.T2_C2	C3N.00733.T2_C3	C3N.01200.T1_C1	C3N.01200.T1_C2	C3N.01200.T1_C3	C3N.01200.T1_C4	C3N.01200.T2_C1	C3N.01200.T2_C2	C3N.01200.T3_C1	C3N.01213.T1_C1	C3N.01213.T1_C2	C3N.01213.T1_C3	PT_C0	PT_C11	PT_C13	PT_C15	PT_C3	PT_C4	PT_C5	PT_C8	PT_C9
-0.512955320731861	-0.288636964607913	2.4013871717747	0.427814737915367	2.80466256821581	3.22725811190314	-0.1076875460948	-0.033621382620101	0.32558011434997	1.54930426604974	2.43275732873315	2.66672403337207	0.512539244902082	2.8201296162455	-0.32272707418711	0.175932492635788	0.750472940292108	0.398690904613962	-0.976708710948831	-0.785161865241808	-1.0677238203093	0.184158158977938	0.0956794105787476	0.134211518751814	-0.679067419888681	-0.0589234770076179	0.32845448234152	-0.438823183457115	-0.565838522806191	-0.205993359720144	0.960631762485117	-0.148270955239433	0.134036376926566	0.400126444650433	-0.246555466762984	-0.630733125976389	-0.518858435366696	0.769574006248247	1.01574016061759	1.51574840877503	0.373397759559787	-0.223859876336302	-0.242732232910785	0.125857956730487	-0.328533877312354	0.420979552548713	2.59089719870872	-0.42177850062937	-0.325936952870977	-0.29671491095033	0.302159686380379	-0.627329008160835	0.108458015453833	-0.809353813449642	1.65643930757206	0.0198215606774182	0.390221218398754	0.0537047625778802	0.0395762090892225	0.413597552352723	-0.148648817553122	-0.764569678927302	-0.631860915519362	0.453485144694322	0.433818590141662	0.159385550741548	0.614993660263838	1.04546694286606	0.490981278545171	-0.486588340731062	-0.796795047256927	-1.05131937542932	-0.695108572321223	-0.679087490683202	-0.411479340374877	-0.480261147369662	-0.475294943820975	-0.100756044504216	-0.226921700237727	0.13048417446577	-0.249501500917672	-0.705003316852003	-0.710151258263287	-0.632493392087379	-0.862082386278144	-0.837692952778817	-1.0209111361396	-0.349348398268108	-0.365613579446237	-0.215438343135893	-1.31727994755434	-1.3630038281489	-1.32837222229117	-1.3630038281489	-1.30775695322076	-1.3630038281489	-1.3477749460942	-1.34068751888497	-1.3630038281489
0.376911192341432	2.06608745215964	-0.0953783219824799	-0.451300771619053	-0.288705164851661	-0.155130216208814	-0.54140683592904	-0.343539394652045	-0.553240178287198	0.173619847604398	0.232708234536876	-0.136574747710868	-0.720270355830645	0.292815449407505	-0.283981270225457	-0.408491531035056	-0.0179897567348467	-0.501048575441494	0.272828020119819	0.035474803875191	0.0469671810579511	-0.368107896611559	-0.401265237255584	-0.311767666760492	-0.0704903385151255	-0.00420589993731998	-0.213829408716216	-0.378237593287512	-0.362847624321011	-0.570429649507129	-0.708764173951376	-0.0575322705809677	0.206348336736563	-0.25030913287336	-0.532103061674196	-0.439587723295588	-0.585869841460544	-0.634913865119112	-0.389153854826696	-0.556797768323034	-0.261472989896834	-0.46669471147039	-0.430370669704859	-0.382291779188707	-0.243178162643622	-0.647960058604643	3.49673522035721	3.33704208068242	-0.572988248357251	-0.632014711011216	-0.665414554911768	-0.344833166182003	-0.24345568813053	-0.547939241882242	-0.69833286122933	-0.373744996469807	-0.319630855885457	0.0747942816682923	0.238589670973423	0.323198584458251	-0.0229287888887713	0.151336728942195	0.835700881786996	-0.720406284165772	-0.168709687269479	0.644099081833567	0.0394739827483123	-0.283325539670674	-0.244127885541036	2.94593048825171	4.01422583968303	1.83790645323729	3.16364068002031	-0.412117919114539	-0.355256274392603	-0.197040225802112	-0.51050712555245	-0.344541097037779	-0.283490535710958	-0.443569693997997	-0.454110445661889	0.689935136542373	0.70872653061589	-0.42807733923393	1.65453777976429	1.88480937706006	2.33346638598704	-0.721946399049773	-0.738819548346093	-0.747032061255368	-0.766531208579765	-0.774073262298104	-0.771625087718104	-0.774073262298104	-0.761380363072399	-0.741076126654615	-0.765999070890121	-0.770129305635812	-0.713422341519627
-0.543892695182729	-0.889743069059252	0.59261990871879	-0.448683099419421	0.754201316431613	0.140267668285076	0.0193479768219852	0.288141717432811	-0.109827569157803	-0.222853196297604	-0.894688400828212	-0.382452992976234	-1.01003381694347	-0.876845043308195	0.207687722048175	0.591709775313296	-0.644629327569308	0.485713869555535	-0.595154281809819	-0.784458052440859	-0.742548042358259	0.97580499767253	0.41611449590194	-0.0297439038010593	0.107359580289621	0.832533257382522	-0.113856338462018	-0.269234231058332	-0.785250775379207	1.04643766677689	-0.0767700764745204	0.275161070949486	0.754730330341714	0.446575170399522	0.00342721671611793	-0.713423391549838	-0.628467794239495	-0.170702747990788	-0.175116350792018	-0.0168508521892704	-0.504256680901696	-0.801720269342273	1.42659142851414	-0.270279242285051	-0.466447450583265	0.293921553682781	0.0212744270535788	-0.101731308346107	-0.262831286865834	-0.417635943285832	-0.407844071806937	0.637420699517433	-0.945866996806695	-0.840021672079987	-0.95685464770478	-0.994423562540602	-0.961631629161381	0.283888553700482	0.125721058234968	0.41413903033958	-0.480592937028177	-0.241715536364058	-0.427945924611375	1.23738201422513	-0.217135469214408	-0.0702116301813383	-0.638492859860448	-0.668376189438694	-0.215966364551224	-0.0004689644578962	-0.0464041954875078	0.111832936705646	-0.115003531006945	-0.620980065942435	0.662009099546303	0.587395188343792	0.157828625096624	0.734014905875309	0.864680239218104	0.20836136759371	-0.693757744024296	-0.727241072357513	-1.04298928423928	-0.886118576135887	-1.04541253470791	-1.04248936887276	-1.04788616863291	-0.354508618768602	-0.711876340205822	-0.573593750840597	0.152112118950706	-0.043021074463407	5.33268245366086	3.28398458053686	-0.621740252729733	0.866651069382678	3.212044958137	3.53174428836054	-0.492815072592486
-0.234582632381101	-0.245865468174042	-0.249372427902537	-0.230057370943264	-0.250921366464515	-0.256447040033127	-0.235549742439293	-0.228894982553348	-0.230980711509614	-0.222946953774386	-0.195810523149843	-0.218684417318763	2.10481463027493	-0.14334845821943	-0.250923721824092	-0.227578783238691	-0.238785069722494	-0.237761187385646	-0.196476293347706	-0.173148028371465	-0.198766763308141	-0.226170288181989	-0.243553801706365	-0.228206563335537	-0.236037437878319	-0.24018702137178	-0.234172136419819	-0.185234386484153	-0.234166098224207	-0.246679435240125	-0.237145785052945	-0.243282998567647	-0.246807675127999	-0.240057330295718	-0.245077883262627	-0.252563534513018	-0.24301658344275	-0.245137181851757	-0.251462540679997	-0.251970221169668	-0.246027186029078	-0.181602390303474	-0.138876908858584	-0.221862173276792	0.288644249859052	0.0489191308638549	-0.218208360133889	-0.121344625223003	-0.252945028717573	-0.250792110942442	-0.256447040033127	-0.232924598387952	-0.208326167668195	-0.171623103672854	-0.24301658344275	-0.238287549432054	-0.23342340016391	-0.244138247949199	-0.244843125539041	-0.243553801706365	-0.199934469445049	-0.240975154041013	-0.227493068682445	-0.240900530796678	-0.224167161783978	-0.219804407023544	-0.229586126852374	-0.220632489125456	-0.239774749093349	-0.221453591438916	-0.205141766414526	-0.168538596896117	-0.20579503232085	-0.230716334367254	-0.229280392881211	-0.236160476232278	-0.244206623900125	-0.239724735162525	-0.241312884666047	-0.238539764579291	-0.004252910724944	0.0332528828644762	4.02097189134517	0.267340766991557	2.83735456739289	7.2947894519044	3.36256965290538	-0.250276742873004	-0.209171832835001	-0.247656195719426	-0.203119261297744	-0.244831510009017	-0.246896493124414	-0.256447040033127	-0.19978916112306	-0.232051621298916	-0.242272877377485	-0.249523463366011	-0.222156512568336
0.519396703703948	-0.414253133656606	0.835607815427411	0.186810644918663	0.722253255233387	0.881304823902431	0.595843128426412	0.350950089522184	0.173768136131657	0.281165549007725	-0.780540780062119	-0.107699625984989	-0.816373267210485	-0.65129237027784	0.762878995405038	0.736495654467036	-0.30077813706469	1.14527364516974	0.746840769697218	0.135160442075432	0.288398889184912	-0.158453592051958	-0.68319107897744	-0.403076380699822	-0.0704316395524601	-0.618773581404781	-0.398560640639869	-0.471298082835179	-0.636253096789116	0.393642771028912	-0.721020229553397	-0.226284259092209	-0.556623019015506	-0.448331111076427	-0.23280073592761	-0.659401070497886	-0.424306136995453	-0.244939393212867	-0.277351834094966	-0.357286114736473	0.559868182793921	0.0932150051645481	0.354143198223829	0.0838925974549418	-0.0353589043683376	-0.0639853331136199	0.754529228323571	1.33835362664456	-0.448075641947375	-0.556053391278237	-0.39001575574377	-0.241942134580726	-0.782361344020025	-0.759229879810723	-0.816373267210485	-0.785789482404978	-0.738821527167951	0.472974123650511	0.419904871387559	0.312780067808806	0.00144508232896163	0.694955042738412	-0.205751233239221	0.0482496694695121	0.270716784404575	0.306308955370581	-0.236392305353929	-0.458120784589757	-0.254791701385241	-0.581608862874041	-0.605990692147002	-0.658449723851143	-0.630249091108404	-0.252234931203086	0.282297400123781	-0.234283283674451	-0.175017104833413	0.433924452437645	-0.243997986501178	-0.0825040234746558	-0.541591175948667	-0.541144375800275	-0.777248065026864	-0.725896237160862	-0.80991062220694	-0.75944389998825	-0.794305698905699	-0.44075992897701	-0.61370471989933	-0.711090904970924	0.459006285958427	-0.301224771792813	2.78126152765155	7.78115134433414	0.36504024185697	-0.506332816412422	1.50007447282218	0.16483824721788	0.184649192912996
-0.081535354497525	-0.733550552870159	0.212075923897858	-0.538407850506947	0.253463755635938	-0.0524257107047478	-0.102648726672186	0.436587562539283	0.220746500262109	-0.356320352470032	-0.704560454273083	-1.08939454167183	-1.55852279464238	-1.24152317501409	0.146723775975567	0.176054467212462	-1.25036169158324	0.228930649421015	0.11814069278339	-0.515849207577333	-0.572204654340399	-0.77623139209499	-0.860125062047149	-0.595583163015423	0.471388673594945	-0.0536031455203661	-0.397784785605519	-0.623353305580293	-0.470418888523664	1.82092274641068	-1.42871396447227	0.479038626005212	0.822605073557784	1.14001585533833	1.97930387162791	0.434848410867633	0.618187315646607	1.90654274849351	-0.567628032187499	-0.369719257946622	-0.476553688905701	-1.34445675608479	1.37244164651283	-0.267001835773217	-0.105129076500312	0.591303494415451	-0.00717146790052984	0.647920102374352	-0.633245542054952	-0.876375888841472	-0.752102460817036	0.210504324702741	-1.37223968779219	-1.23266037680601	-1.39551429387936	-1.46791149656566	-1.38649323141757	0.787221979375157	0.564076978320247	1.42894427865687	0.0326019034805527	1.20585701240181	0.681024938612754	-0.666997268280841	-0.268036507025961	0.324067074920691	-0.913326939832056	-0.732529988228018	0.159654660309156	-0.474362230729567	-0.0831401156580054	-0.135703785503513	-0.773060984015934	1.04111263433187	0.187840097875939	-0.163211927857854	-0.0192198960697958	0.282348882450605	0.072606404164783	-0.291135780501704	1.11713002958256	3.61471251986758	-0.785544183963057	1.03566203957272	-1.53804708077562	-1.04713910645051	-0.982643001014371	-0.132392110574886	-0.704933920304504	-0.526375930515382	1.54190686094611	0.175662211965489	4.1585600780578	0.66186001478411	0.32036107664062	0.992963796587326	0.810696723282125	1.29113034709741	-0.280626136101779
-0.0342775743813934	-0.356726963849557	-0.0643791449872139	-0.672734566598944	0.0181222869872569	-0.205586566279782	-0.934570963150783	-0.854092983151701	-0.85542453728768	0.509451972036872	1.56117934894874	2.59385781052578	-0.781461057559004	5.21233104223958	-0.417472798425791	-0.29585902471166	-0.195133488332257	-0.392388404421431	0.0136106458795944	-0.224132226189859	-0.0746240908502593	-0.1334550086422	0.837171586416856	-0.391669340783843	-0.590383676036722	1.23725073090117	0.0049400493713945	-0.357102028647837	-0.823530290782283	-0.319863452247173	0.501812080692493	-0.385283280961628	-0.00724958087947408	-0.0205817224583276	-0.605270141873213	-0.790983571912583	-0.777777385433039	-0.646057025307743	-0.32730489641009	-0.106170283427104	1.06296619670429	0.630275013419984	0.469669346169697	-0.531057358042167	0.098763829026238	0.0622316959735917	-0.0711152369476819	0.846036348494074	-0.588494402939982	-0.610042344564626	-0.43260015040104	1.24310530436075	0.746945462263659	-0.16586128206616	-0.161609548922878	-0.027551381371932	0.698491055768687	1.12936119780209	0.994099555308205	0.880965438200489	-0.634519854853237	-0.30511804760622	-0.85965058642494	-0.27622138093494	-0.986947216794423	-0.342210624381852	-0.696385233012871	-0.960366966338598	-0.772315388832471	1.19897288351066	1.29832034057911	1.60809820455751	1.3436683365097	-0.215136578644564	0.993961092362164	1.82885392596102	1.10848096566292	1.49639386089665	1.98738547862923	1.28773124903805	-0.433056619239213	1.06907174601598	-0.896104898815523	-0.206752950826577	-1.08552187961366	-0.772580510465217	-1.00200700002361	-0.22773918963784	-0.390272759407729	-0.251205161887733	-1.11621444677741	-1.11186852669096	-1.12625276854933	-1.12625276854933	-1.10873307156548	-1.10494939861969	-1.12328087306998	-1.10883277977302	-1.10320081864105
-0.204641827049183	0.14658584405765	-0.265950131574347	-0.318309852471451	-0.29373648887613	-0.31598003036011	-0.272030106037052	-0.0318606861925907	-0.193680508962087	-0.290080611966656	-0.113348360444616	0.0599081621225673	3.60154501571236	-0.239544765496291	-0.338181372601093	-0.331280404024959	0.323051495693082	-0.331394772825533	-0.208633384362152	-0.25852605511281	-0.274812714888154	-0.346260891553547	-0.336009660672914	-0.345838742273699	-0.33307413521541	-0.338734565002545	-0.317822409268474	-0.339525301097874	-0.347949015470357	-0.343798961350115	-0.34406038318511	-0.338163334834284	-0.343010279171718	-0.345468166042699	-0.296941756155765	-0.230196634332182	-0.34329131662402	-0.25012515031385	-0.0505650196948967	-0.102244679183248	-0.284506823960022	0.110126579797739	-0.140783239483615	-0.035514380503727	-0.146981600044974	-0.232491175617918	-0.127218656810898	-0.344231213295107	-0.315568031507714	-0.341821818732693	-0.318583621941616	-0.335580557905307	2.803799609273	0.701227784531647	6.16357187128008	4.47578006819576	2.66294449097297	-0.306516082252196	-0.318319257257955	-0.28856721515098	-0.299271266804069	-0.334401442180645	-0.306668375670024	-0.100553890344725	-0.2164132904162	-0.283028312347645	-0.283154941378921	0.0206899519860908	-0.269157681623596	-0.326508917442457	-0.341919446274262	-0.259936052599222	-0.340259952402482	-0.268796499219184	-0.308343072627051	-0.168466282875767	-0.25726802614005	-0.31535312002817	-0.19454472133814	-0.262321982811869	-0.333467451091256	-0.323560858269795	-0.0582007824746173	-0.348875408611065	2.09217051715428	-0.0620162112541055	0.220293381970905	-0.314576117005246	-0.0808389932329091	-0.277602089067328	-0.34281346034151	-0.341631181168412	-0.344408135021429	-0.324359882814283	-0.296911184802523	-0.277658003558898	-0.332177700324071	-0.337360717735631	-0.337113172297928
-0.339235488817084	-0.347940115647735	-0.359905537259552	-0.348605155049058	-0.368261608515972	-0.324072590466919	-0.0862577545692242	0.313258479305823	-0.020700530925242	-0.342020236082371	-0.370945796587892	-0.36298435192341	-0.290573163879346	-0.37461558496747	-0.350016270764261	-0.350365529449613	-0.298454908322805	-0.334327690800364	-0.363212682604322	-0.337134263203017	-0.339501504577614	-0.301503536564217	-0.325689966290937	-0.329264317998698	-0.340625972945266	-0.323472673618248	-0.354275111570907	-0.342291576856653	-0.315687577554386	-0.326880534605839	-0.314690357954841	-0.338502212389675	-0.340957121087818	-0.348701592024391	-0.349440451863049	-0.314329362611392	-0.336006353057327	-0.355107762528661	-0.352194602264527	-0.361745840997422	-0.364907704475859	-0.348452152520126	1.36820267641279	-0.328324275841215	-0.00236933524071565	0.0935721535639434	-0.310682743306657	0.801551590687252	-0.35448075691836	-0.359984718138363	-0.366999517303003	-0.357498972234672	-0.350667656099857	-0.33072298448015	-0.363032815394427	-0.358954375403919	-0.37461558496747	-0.348344336177623	-0.345704992113155	-0.363496126177349	-0.367395157181677	-0.356824450903276	0.525831930152455	-0.354057100066121	0.17199699735676	-0.27927533137202	-0.167907697202399	0.0746554772596436	0.123842912520716	-0.344248890361947	-0.347682639801086	-0.357767920133953	-0.311075820452492	-0.306403411500742	-0.341769487186353	-0.343512203736362	-0.360540320676177	-0.345477776068	-0.334314416370655	-0.366893738585441	-0.327712518054408	-0.349905676544978	1.42353112929085	-0.339867276248341	0.101932648894861	0.706095859240925	0.329390799813571	-0.348933938573307	-0.337550722333733	-0.324072590466919	3.86065667710512	-0.179273741357235	4.48499973812247	2.20862453639602	0.164111517419487	1.15811496645663	6.31698054361509	1.56797244232814	0.00687648522551311
-0.131238011018243	-0.362100605791218	0.782769594039382	0.182366943090997	0.701786629821099	0.406165892836348	-0.0860330916098899	0.169481758661208	0.0116334664498584	0.0963612369688863	-0.41399694666534	-0.44940098905238	-0.489673719374597	-0.46827905031945	-0.0627185348343753	-0.00119996837295154	-0.466964023609211	0.0460234491047734	0.0708283442676891	-0.179209583363105	-0.212287184059603	-0.464256056756479	-0.461367269930434	-0.459868441420429	-0.417974971796773	-0.482237063798752	-0.443434311266792	-0.479069405147263	-0.472260490635703	-0.113381235731934	-0.492996827825079	-0.439503612999693	-0.420455624538412	-0.410111406979686	-0.0902243321960735	-0.353776664356837	-0.0780692264025293	-0.0949575786905049	-0.272607887233401	-0.286358904620901	1.62621976128432	-0.411245568351263	-0.261035368921782	0.00906887282753365	-0.385844887926507	-0.380281846292627	-0.103807370282457	1.40191895281407	-0.379452538102078	-0.48427854196069	-0.358693491132871	-0.161971793014515	-0.482124914843049	-0.48427854196069	-0.49394490149394	-0.466025600792515	-0.478564437803105	-0.18376061791904	-0.240062301548796	-0.257085760655075	-0.425267429933258	-0.26681345157295	-0.46968160315813	-0.283281712885686	-0.387858964032158	-0.475677659170891	-0.437921040538634	-0.457289500505265	-0.44786590581166	-0.423204285601242	-0.418232197573148	-0.433952868252789	-0.352625582169911	-0.370457541849922	0.497535248895454	0.362799438569602	0.0538309427326765	0.614299575205574	0.442743074221238	0.293474523932941	-0.46525033996761	-0.464249548720915	-0.448243650876815	-0.462279240953985	-0.483992836752811	-0.493446789979828	-0.473091905528604	-0.0656085320177674	-0.281404987949761	-0.306829634666932	2.15858451047473	0.0638842212072159	4.88598045610991	2.79912932802461	0.285516792204935	-0.157615813266184	6.52219590670383	1.19597355992357	0.140042046763459
-0.205889655093612	-0.372748679904121	-0.0857872782456393	-0.372748679904121	-0.372748679904121	-0.372748679904121	0.0650649081307925	-0.0605702165647906	0.165870745556438	0.263116491259179	-0.372748679904121	0.625612849296832	-0.372748679904121	-0.372748679904121	-0.189673176979036	-0.0952163676284266	-0.372748679904121	-0.372748679904121	1.58477706091416	-0.372748679904121	-0.372748679904121	-0.0279388453968556	-0.372748679904121	-0.372748679904121	-0.372748679904121	-0.372748679904121	-0.372748679904121	-0.372748679904121	-0.372748679904121	0.832344277060666	-0.372748679904121	-0.187133428656336	-0.372748679904121	-0.372748679904121	-0.145285948274923	-0.372748679904121	-0.372748679904121	-0.372748679904121	0.206046724532575	-0.372748679904121	-0.260144430031998	-0.225003537192648	-0.118639621885987	-0.372748679904121	-0.372748679904121	2.76683560271467	-0.19908899614937	-0.372748679904121	-0.372748679904121	-0.372748679904121	-0.372748679904121	-0.372748679904121	-0.139162379875704	-0.372748679904121	-0.372748679904121	-0.372748679904121	-0.372748679904121	-0.110541640916178	-0.372748679904121	-0.372748679904121	-0.372748679904121	-0.372748679904121	0.53107103781947	0.0108661199013896	-0.372748679904121	-0.372748679904121	1.15679238085888	-0.372748679904121	-0.372748679904121	-0.372748679904121	-0.372748679904121	-0.372748679904121	-0.372748679904121	-0.185089690144759	0.0152324672162494	0.183448069464242	-0.372748679904121	-0.120119346416533	0.216893178775519	-0.372748679904121	-0.250007730583633	-0.372748679904121	-0.372748679904121	-0.372748679904121	1.75768351187291	-0.372748679904121	-0.372748679904121	0.0244355156498177	-0.372748679904121	-0.372748679904121	0.210645954518929	0.702063957388797	-0.372748679904121	-0.372748679904121	-0.0202990410872395	2.70111161612201	2.73615562601156	7.5998472072233	0.261848143178401
-0.0231069216259966	-0.35376345821028	1.37417490629298	1.32254480846345	1.01733018392899	2.15509217694933	0.711745252274071	0.884679912260427	0.25798425676518	0.580285038466705	-1.6305990757472	0.650029857888217	-1.88470031348885	-1.46161442325704	-0.0259831881451129	-0.182869973588654	-0.546688208389096	-0.0431576403693276	-0.34826877032133	-0.966748320912509	-0.682251224214847	1.04873864208101	0.0826121943800507	0.363726140227217	0.412395137555537	0.982265485960903	0.248077676740513	-0.25294813161102	1.94950904141805	0.320192561633298	0.961889299708034	0.725301850302866	0.811842217444634	0.376202028563977	1.98281775217166	0.367235896714491	1.09850306196877	1.52896529399789	0.94892461505991	0.317293826064081	-0.64345712663421	-0.522860255327298	0.255457220966074	-0.640712153620126	-0.363584174405997	-0.442098610556497	-0.323212810628121	0.739074201561618	0.115786431763791	0.00346755943855945	-0.829731867805502	-0.585551576676505	-1.33825450700664	-1.48427033020594	-1.50220625654049	-1.42970469516	-1.11530270275241	-0.244444494878123	-0.254870195530777	-0.0551357198692673	0.209626504921624	-0.206658425543516	1.65940839461278	-0.0166386473714021	-0.255859821329852	-0.119895818283201	-0.899283194371501	-0.958149824392577	-0.460067088481488	1.23637869259176	1.15957209834662	3.62649035188524	0.963214931902476	0.685306715770169	-0.0421635246926432	-0.333360819396155	-0.846750315681805	0.191775046487609	-0.0638158808577958	-0.838576982162265	-0.648146159351026	-0.371445745182515	-1.44936798706845	-0.865480871664085	-1.91473256223506	-1.5664934531778	-1.52976633846918	-0.766833276824078	-1.18007701957203	-1.31991202343119	1.28900101795228	-0.223907939129693	1.27387656390656	-0.80183020625734	1.04318516804482	0.048341578033002	-0.218122462055146	-0.833953879431643	0.929065800425394
-0.140794082573468	-0.418916505731555	0.553423752207204	0.24215917072268	0.703851353345442	-0.0406857135101308	-0.483494017303905	-0.236512999739642	-0.326669620004767	0.775313294229074	-0.466723817854188	0.0252548947051201	-0.508195905450499	-0.511288028017147	-0.228551686400872	-0.106772339905932	-0.456241657332958	-0.0282596448523125	-0.328154081777653	-0.420987240153197	-0.416737791312541	-0.375337904431767	-0.482450205822242	-0.495041669368885	-0.499159586081785	-0.452544835702527	-0.410756335789307	-0.508195905450499	-0.530486736795012	0.0318983065863342	-0.490410543116055	-0.510701915843876	-0.373359163386066	-0.431411106648584	0.123443247775009	-0.37850475131979	-0.158776511831137	0.168291798297207	2.29812690402282	2.38568088536559	0.171833527904762	-0.279605186974428	2.87235682465848	0.0851291839854007	0.17219742948292	0.729683828730805	-0.19476579956575	0.598624094684818	-0.170046850050884	-0.398024723631421	-0.379338639465342	0.029518841845433	-0.539735824700633	-0.540834976987336	-0.540834976987336	-0.540834976987336	-0.540834976987336	-0.50875543239113	-0.522870432013461	-0.529607136378664	-0.533544171397289	-0.540834976987336	-0.512583105325905	0.445963447354683	0.0236532649348572	-0.267169883153617	-0.465262972890505	-0.296998034475774	-0.0955930218158621	-0.538563667356452	-0.540834976987336	-0.506811217567118	-0.540834976987336	-0.2057216847348	0.0623952128959241	0.206379124125913	-0.0718239135871155	0.123087625441803	0.385878061718539	0.0205570534462616	-0.533904211179514	-0.106969037417667	-0.533248598197693	-0.453117472232086	-0.540834976987336	-0.534527201364487	-0.540834976987336	-0.447152827922054	-0.510894068697544	-0.469385082204878	1.91016511024393	-0.194390345593629	4.37862259340485	0.664104015162828	-0.0905604237739787	-0.0101793862232099	6.27632948378285	0.878053233583499	-0.357188115967835
-0.27792187331786	-0.285255975838564	-0.293702465274755	-0.283505486252839	-0.296342409881489	-0.296342409881489	-0.274861172543271	-0.265708460428383	-0.296342409881489	-0.293417541206607	-0.296342409881489	-0.296342409881489	-0.296342409881489	-0.296342409881489	-0.291851128161798	-0.28995940918216	-0.296342409881489	-0.296342409881489	-0.295056084689283	-0.247014006724205	-0.296342409881489	-0.28999814993785	-0.261220586833503	-0.283078881540104	-0.296342409881489	-0.283315027445292	-0.296342409881489	-0.296342409881489	-0.276110944992096	-0.274169541795639	-0.296342409881489	-0.294634814439638	-0.293140201361432	-0.296342409881489	-0.290064676972531	-0.296342409881489	-0.296342409881489	-0.296342409881489	-0.0886785076875127	0.130485300771124	-0.2890909716637	-0.293624002524834	-0.022829810266579	-0.277500230134715	-0.226956624405941	-0.00751162823686376	-0.107824618776031	-0.209407204317166	-0.196971022805927	-0.296342409881489	-0.296342409881489	-0.271312604402593	-0.296342409881489	-0.180810097223639	-0.296342409881489	-0.234508214374471	-0.296342409881489	-0.286693557395779	-0.261220586833503	-0.296342409881489	-0.296342409881489	-0.296342409881489	-0.172807859117468	-0.28928416569982	-0.144691577417396	-0.254047343590561	-0.127487491381554	-0.118959465194689	-0.0692616574160593	-0.278580193235508	-0.281151309947239	-0.296342409881489	-0.296342409881489	-0.17722100847021	-0.291583355267941	-0.265641515608774	-0.296342409881489	-0.284721901991075	-0.285493411823009	-0.296342409881489	-0.237625370320812	-0.231301996829662	0.0398462116363994	-0.296342409881489	-0.0611516305422939	-0.0990287972523517	-0.162493998875443	-0.256148896197776	-0.0621969228949129	-0.296342409881489	4.0974634889497	0.79132665973521	0.223980894533123	3.98680674231198	0.767169218602591	2.3335525526489	6.08164337163395	3.93671740855124	-0.156228754104947
-0.192987188024166	-0.180363651347991	-0.257932458578393	-0.170448548024196	-0.248948467012379	-0.236461102597726	-0.269183975707937	-0.277460941276933	-0.264884995638552	-0.104487312128911	0.231932305191922	-0.00481607861806942	8.87209237672777	1.36859582345813	-0.281683609916027	-0.280291337246535	-0.00533868588674384	-0.277196370572063	-0.204206251795627	-0.0936256837943166	-0.188868606643512	-0.219136035639634	-0.186425525184529	-0.24538529468904	-0.241248928473469	-0.265842760708332	-0.213395186621542	-0.149452612174456	-0.256740915773915	-0.270370755965103	-0.27928247458128	-0.255679357243985	-0.210914126529719	-0.252330309493759	-0.248811313709232	-0.249262337202278	-0.0532024512203264	-0.260125149197182	-0.276517037722279	-0.281534427855598	-0.280114602667071	-0.0995626877647238	-0.280161260546384	-0.276402372896926	-0.275513503522416	-0.289209452280313	-0.22948502640764	-0.239967711416795	-0.284331347123092	-0.289209452280313	-0.27785462162457	-0.272196627329747	1.85445529915483	1.70670084679952	0.578547996739028	1.51452938646328	1.50181231882997	-0.262793873710854	-0.267657983695713	-0.280920425901621	-0.262297028972871	-0.282578231177359	-0.198828564006153	-0.211916280260353	-0.112360848845224	0.489384065949449	0.26073556707523	-0.0631450964977977	0.0323476055137816	-0.248407097213251	-0.270566313366299	-0.281673973754229	-0.23000212100394	0.0915055618884846	-0.268767679910096	-0.284379017327695	-0.262978356145211	-0.264197567495482	-0.283405768242514	-0.271940647324704	-0.137627719892191	-0.202225842133543	-0.203332151960529	-0.179120820688307	0.968946337342615	-0.00514731233636628	-0.0204899995564491	-0.240399746388305	-0.21737122366498	-0.12719666396951	-0.287520571600058	-0.279874963115119	-0.273859403430883	-0.27910088352581	-0.286760700026637	-0.241824518875551	-0.285159439391701	-0.285252876443228	-0.261652848627746
0.286902752436032	0.679873620414113	-0.587058166697036	-0.0380388954580869	-0.38693869798503	-0.389528863229109	-0.539882542968215	-0.496776539704018	-0.409856495656302	0.264247711225117	0.382591132577264	0.013933626708024	6.53579996562406	0.778393307207647	-0.0751318236281462	-0.165626564067243	0.532345246130297	-0.0912844738928063	-0.330809344090945	-0.633654362731878	-0.230483628943578	-0.147256085244911	0.433625651339088	-0.0605022329289302	-0.340572100937461	-0.10500779381155	-0.317176212136045	-0.228245899484444	-0.65439414786554	-0.37777718758468	-0.388986014225861	-0.50031862281344	-0.564228046394646	-0.442795538305079	-0.280429366494999	-0.27411567695179	-0.274950025695907	-0.300463532029212	0.409706231887493	0.332919387102337	-0.333220170242071	-0.412122642099674	-0.526510170524001	-0.382006637985216	0.0211574665270682	-0.0599076151723457	0.468666025082829	0.0589629504031925	-0.710237206276686	-0.533729875647991	-0.310049820123135	-1.00275614552116	0.761780359093836	-0.125513774315127	1.31782172682607	1.84451906078924	0.902316052255121	-0.775231033869798	-0.736438328252711	-0.876048234908551	-0.570840430314615	-0.789623054597793	-0.698549966654606	-0.48136683187344	0.0690130898136712	0.461191530697142	3.29946417477984	0.973665511524875	0.429499250157141	0.612330635410272	0.515565095647568	-0.0369785938961807	0.43932401487606	-0.794182342974995	0.311599854748601	0.0490281751059186	0.570963425698531	1.56901679318919	1.03442905916155	1.7564110499843	-0.737477947389084	-0.846911540691723	-0.501419334808903	-0.396139180779102	2.34174642487592	0.150670955559355	0.66922750310557	-0.748467416379449	-0.421762030710978	-0.601059024828867	-0.800004262388866	-0.868262182628301	-0.879741618682514	-1.11440661212584	-0.254594134696496	-0.93969219588309	-1.02904094322614	-1.09191285362121	-0.260215781916796
