avg_log2FC.snATAC	avg_log2FC.snRNA	highlight	Gene
0.34371609892531	0.188342255404631	FALSE	AAAS
0.26561741982202	0.188342255404631	FALSE	AAAS
0.272064339668995	-0.172347933139493	FALSE	AAGAB
0.357794387688006	0.246443465977714	FALSE	ABCB8
1.90380812885179	0.177623446140011	FALSE	ABCB9
0.453474730913896	0.177623446140011	FALSE	ABCB9
0.34304900022059	0.149984635155407	FALSE	ABHD12
0.625171946791087	0.149984635155407	FALSE	ABHD12
0.873199542374869	0.149984635155407	FALSE	ABHD12
0.183356732072362	-0.124632125140243	FALSE	ABHD2
-1.35947203254462	-1.69732887281836	TRUE	ABI3BP
-0.262771137559455	-0.438767597877809	FALSE	ABL1
0.535076216439586	0.311842848913633	FALSE	ABR
-0.50117957080061	-0.0864579323678683	FALSE	ACACB
-0.529676684018062	1.18312143136844	FALSE	ACADVL
-0.480018685080331	-0.009116785485073	FALSE	ACIN1
-0.361244045757577	-0.341352731063951	FALSE	ACO1
-1.58637431891344	-0.447330626069848	FALSE	ACSL1
-0.542947312982949	-0.447330626069848	FALSE	ACSL1
0.560400740679692	0.0792781503073948	FALSE	ACSS2
0.581196409000705	1.83536079136502	FALSE	ACTB
-0.929813542900824	0.2996189946814	FALSE	ACTN1
-0.470580719708062	-0.214443333068147	FALSE	ACTR10
0.250918433379749	-0.0118360336473206	FALSE	ACVR1B
-0.40892165996292	-0.275162202309763	FALSE	ACVR2A
-0.481584499743126	-0.129792866792365	FALSE	ACYP1
0.28038781529685	-0.215460422887945	FALSE	ADAM22
0.662486993643394	-0.0555857817493585	FALSE	ADAMTS10
-0.907670098665952	-0.83019734651268	FALSE	ADCY5
-0.406725503860425	-0.392800683338116	FALSE	ADCY9
0.407269078370373	-0.00885734823792539	FALSE	ADNP
0.283424481603462	-0.764467934695693	FALSE	AGBL3
0.227002764368192	-0.249517063677336	FALSE	AHCTF1
0.198077748444274	-0.331275905099733	FALSE	AHCYL2
0.301199024010299	0.741699576084896	FALSE	AKAP17A
-1.70219675818932	-0.814298416305478	FALSE	ALDH1L1
-0.278778478607156	-0.368220808979106	FALSE	ALDH3A2
-0.250215799043602	-0.124994906202636	FALSE	ALDH6A1
-0.360408027510789	-0.514759133359375	FALSE	ALDH7A1
0.247529218018061	-0.0778616460666374	FALSE	AMN1
0.248115070170978	1.45269334542552	FALSE	ANGPTL4
0.264088438558019	-0.0883937674178373	FALSE	ANKMY2
-0.60030867071165	-0.148431590702013	FALSE	ANKRD37
-0.337824398641328	-0.0761602538090506	FALSE	ANKS6
-0.385633591307124	0.0249013200378976	FALSE	ANXA6
-0.295954596707356	-0.333226829181718	FALSE	AP1S3
-0.227658299696181	-0.134944991419367	FALSE	AP3M2
-0.228937297181267	0.218304658159283	FALSE	APBB3
0.215000973035555	-0.0438580077778247	FALSE	APLP2
0.377315040746866	-0.224937618889582	FALSE	APOLD1
0.427223451788242	-0.205356704929895	FALSE	APPL2
-0.379067872215968	-0.319207695295456	FALSE	APTX
1.87168386357141	0.320607450930083	FALSE	ARAP3
0.405455690204381	-0.0117462323621653	FALSE	ARFGEF2
-0.810252616392943	-1.10553470298949	FALSE	ARHGAP24
-0.921555641075137	-0.881819065657816	FALSE	ARHGAP26
-0.455453324314906	0.0331232047903691	FALSE	ARHGAP27
-1.13677510316791	0.0331232047903691	FALSE	ARHGAP27
-0.304946284913652	-0.817077905023474	FALSE	ARHGAP32
0.30166671264527	-0.383940249994819	FALSE	ARHGEF12
0.335583029297583	0.262505184741244	FALSE	ARHGEF16
1.19881049283882	0.286672944596142	FALSE	ARHGEF2
-0.361482404752209	-0.496307775849025	FALSE	ARHGEF28
-0.66866519143908	-0.214038496933794	FALSE	ARHGEF37
0.34413938899014	0.104615616722863	FALSE	ARPC3
-0.222336497377103	0.116921907972027	FALSE	ARRDC1
-0.369864255919233	-0.257242909441752	FALSE	ASAH1
-0.409775201668342	-0.135072738939748	FALSE	ASCC2
0.487800305633029	0.180485930605971	FALSE	ASNS
1.43417940782241	0.136596338779183	FALSE	ASPSCR1
0.286435319750415	0.518353733434242	FALSE	ASXL1
0.336651003213605	1.77938087054288	FALSE	ATF3
0.504682192778181	-0.45420597831893	FALSE	ATG10
-0.429413207066615	-0.176407337763211	FALSE	ATG2B
0.535802251224271	0.388817122864938	FALSE	ATN1
0.359012669464237	-0.0203484541652994	FALSE	ATP1B1
0.394584232798246	0.142129460299311	FALSE	ATP2A2
0.328030796062568	-0.173919024789039	FALSE	ATP2B1
0.26606935807941	0.0542961863178811	FALSE	ATP5MC2
-0.288067744246969	-0.235958346413319	FALSE	ATP6V1B2
-0.840369632463242	-0.8620994486524	FALSE	AUTS2
0.448630167701581	0.422889298877248	FALSE	AXL
0.236103012674315	-0.10960692565055	FALSE	B3GALNT2
0.598348942565982	0.428142114245301	FALSE	BAIAP2L1
0.411596193474056	0.045322764814433	FALSE	BAZ1B
0.342666219367438	0.297690414272909	FALSE	BAZ2A
0.359162639346623	0.297690414272909	FALSE	BAZ2A
0.324312760642249	-0.635052769844338	FALSE	BBS9
-1.15872164536018	0.0180806345939759	FALSE	BCAR3
-0.447490744403101	-1.90726848629088	FALSE	BCL2
0.277941520472919	0.306242909315903	FALSE	BCL2L1
-0.578101771246049	0.646684191958243	FALSE	BCL6
0.279004962300298	-0.127561068356947	FALSE	BCL9
0.431824739164153	0.899780780455822	FALSE	BHLHE41
0.55479958754677	0.899780780455822	FALSE	BHLHE41
0.342278640323906	0.399475792812093	FALSE	BICD1
0.303776456810108	-0.029743912032332	FALSE	BIN1
1.64195224178997	0.537076170979753	FALSE	BMP1
0.231172477131631	-0.270454929553159	FALSE	BMT2
0.249318940631614	-0.167176338668922	FALSE	BTBD1
0.3949505533269	-0.0715368376461674	FALSE	BTBD3
-0.52749254935957	-0.193741239312977	FALSE	C10orf67
0.285193310681852	-0.0333971932386199	FALSE	C12orf76
-0.256225993268314	-0.14126068220405	FALSE	C16orf87
0.231344301698377	-0.338093334483334	FALSE	C1GALT1
0.231714377785007	-0.135798510600106	FALSE	C1orf43
0.675685880676802	0.71977125904123	FALSE	C1S
0.349392485726532	-0.235986115094343	FALSE	C2CD5
0.509217828861992	-0.0242031656833857	FALSE	C7orf50
0.290847744179143	-0.0242031656833857	FALSE	C7orf50
0.411930083149596	-0.0242031656833857	FALSE	C7orf50
-0.31222432837621	-0.189950723736226	FALSE	C9orf72
-0.3058329192627	-0.371093858958877	FALSE	C9orf85
0.997887770349832	0.117123388268401	FALSE	CA5B
0.843146623916438	-0.0316606511884451	FALSE	CALCR
0.31070723798304	-0.360384483432277	FALSE	CALD1
0.346817234056454	0.126213609069983	FALSE	CALU
0.264797630450096	0.114769722723925	FALSE	CAMKK2
-0.255110533729039	-0.141265625383302	FALSE	CAMSAP1
0.316454140661859	-0.0294930960927687	FALSE	CAND1
0.362640440688561	0.184008693368173	FALSE	CAPRIN2
-0.268731371447117	-0.454850505782158	FALSE	CARMIL1
-0.212435681477545	-0.176288736756304	FALSE	CARNMT1
-0.361503819279982	-0.118555254464836	FALSE	CASP6
0.390159774745138	-0.388075709873954	FALSE	CAST
0.496910746367294	0.182909557564742	FALSE	CAV1
0.99031320112688	0.182909557564742	FALSE	CAV1
0.218756626302342	0.0931363649135606	FALSE	CBFA2T2
-0.60596406667384	-0.853328397227047	FALSE	CBR4
0.389444621934719	-0.0914555126523684	FALSE	CBX5
-0.799816922356267	-0.655610244007102	FALSE	CC2D2A
-0.346240588553345	-0.413269973420845	FALSE	CCDC171
0.367570023837005	-0.0190315869143702	FALSE	CCDC92
-1.53413007391183	-0.308525809248922	FALSE	CCL28
0.287354349063832	0.208389266192323	FALSE	CCM2
-0.492569665682342	-0.160725885176272	FALSE	CCND3
-0.284298155085097	-0.100725098690083	FALSE	CCNG1
-0.308625588530256	-0.249243489915994	FALSE	CCNG2
0.329387691784727	-0.616200685666323	FALSE	CCNH
0.404953707192763	0.0146049827277602	FALSE	CCNT1
0.216757582526085	0.00821140218214877	FALSE	CCT3
0.32970971050836	0.578648118409105	FALSE	CD151
0.71175615736441	0.0660584770250179	FALSE	CD63
0.741317492748814	0.0660584770250179	FALSE	CD63
-0.50669970512755	-0.376960090297432	FALSE	CD74
-0.471344147064877	-0.0602276592678814	FALSE	CD81
-0.434597073636419	-0.129230644902258	FALSE	CDADC1
-0.419902733929931	-0.290576065430712	FALSE	CDC14B
0.294322334069548	-0.043308612329813	FALSE	CDC42
-0.458859595435685	0.539265165137565	FALSE	CDH16
-0.684936559472538	-0.146569214613319	FALSE	CDHR2
-0.301854114306905	-0.235580021001038	FALSE	CDK5RAP2
-0.570386358735134	-0.537246118469576	FALSE	CDKL1
-0.382610792551946	-0.191943135172903	FALSE	CDKL2
0.246742569996278	-0.458344322427628	FALSE	CDON
-0.504600513726547	-0.219586184355862	FALSE	CDS1
0.798016841961485	1.01344233151484	FALSE	CEBPB
-0.362367260311356	-0.336846599382111	FALSE	CENPC
-0.263823908684305	-0.248322354638904	FALSE	CEP152
0.405221345630347	0.234460754755524	FALSE	CEP250
0.196878740104756	0.0256020272440126	FALSE	CEP290
0.362176455690776	0.12899888858953	FALSE	CERS5
-0.923997600603408	-0.106987759633224	FALSE	CES2
-0.612750404285467	-0.169778595400596	FALSE	CFAP97
-0.498374176014472	-0.169778595400596	FALSE	CFAP97
-0.505433673809452	-0.260605700264801	FALSE	CFLAR
-0.259358790525407	-0.0446762088510567	FALSE	CGGBP1
0.207455810369783	-0.517746842129169	FALSE	CHCHD3
0.334800720925376	-0.0744058740936518	FALSE	CHD6
-0.354804283239938	-0.160884713004348	FALSE	CHD8
-0.347658171261306	-0.160884713004348	FALSE	CHD8
-0.489722020067306	-1.25890232051817	FALSE	CIT
-1.61970097336196	-1.25890232051817	TRUE	CIT
-0.545312022000447	0.334036366516693	FALSE	CKB
-0.747300091748729	-0.634651075104929	FALSE	CLCN3
0.459970265004965	-0.0915846922362832	FALSE	CLDN4
-0.533660649082578	-0.0683258837548423	FALSE	CLDND1
-0.39600187936952	-0.038494366754441	FALSE	CLSTN1
-0.289245987668538	-0.183012850138508	FALSE	CLTA
-0.584420120057109	-0.604520656498819	FALSE	CNDP2
-0.790952815635489	-0.497442581760074	FALSE	CNKSR3
-0.628571400889926	-0.497442581760074	FALSE	CNKSR3
-0.451189102795678	-0.365382905288028	FALSE	CNTLN
-0.345183451513176	-0.645661505250158	FALSE	COL23A1
-0.78410570888487	-0.417698010815257	FALSE	COL4A4
0.2561671829056	0.00987453855145309	FALSE	COPZ1
0.235033222497669	0.287304565254469	FALSE	COQ8B
0.358031707457882	0.287304565254469	FALSE	COQ8B
0.830994387689015	0.287304565254469	FALSE	COQ8B
0.505969480890524	0.17890270583335	FALSE	CORO1C
0.233149590370209	-0.15423635234454	FALSE	COX20
0.370890927688624	-0.969140813884143	FALSE	CPNE8
0.37999679738705	-0.392967389003623	FALSE	CREB5
0.871605781138653	-0.392967389003623	FALSE	CREB5
0.422538182861711	0.0516339042684986	FALSE	CRK
0.342110077610669	-0.0915231224080659	FALSE	CRY1
-0.913052225734475	-0.321800721656241	FALSE	CRY2
-0.549115008656145	-0.321800721656241	FALSE	CRY2
-0.359115282428209	0.491433793119756	FALSE	CRYAB
0.203731506260171	0.0858403790693376	FALSE	CS
0.354932436779785	0.487699354174253	FALSE	CSAD
0.310766117967892	-0.205186348126611	FALSE	CSNK2A1
0.292619414014951	-0.139439766093974	FALSE	CSRP2
0.59189330090296	-0.0509323564422271	FALSE	CST3
0.315404231899741	0.00645812627215475	FALSE	CTDSP2
0.411496981579923	-0.095627344224877	FALSE	CTNNBL1
0.377261174191722	-0.178868149366826	FALSE	CUL1
-0.471098119470168	-0.257253408270147	FALSE	CXCL14
0.393307304147062	1.26952535950031	FALSE	CXCL2
0.937705940806414	0.0184683000970464	FALSE	CXorf38
-0.481856501162127	0.170167915131254	FALSE	CXXC5
-0.520131123919106	0.170167915131254	FALSE	CXXC5
-0.760405809253393	-0.509288177841495	FALSE	CYP2J2
-0.395095806577737	-0.221402734704983	FALSE	DAAM1
-0.355581133793907	-0.0919601811642625	FALSE	DAD1
-0.407454347775379	-0.364003996624569	FALSE	DCAF5
-0.521481061583603	0.259827582360241	FALSE	DCBLD2
0.535377600015048	-0.201594478987807	FALSE	DCP1B
0.331726807463573	0.278370473735323	FALSE	DCTN2
-0.488870521390922	-0.132199681416508	FALSE	DDHD2
0.407587427358926	0.483894978898031	FALSE	DDX11
-0.343145693463261	-0.291812308422682	FALSE	DDX17
0.340460833387997	0.232005417648106	FALSE	DDX27
1.27299066585565	0.959188756098655	FALSE	DDX3X
1.01343116286722	0.959188756098655	FALSE	DDX3X
0.599163397576973	0.372812621422036	FALSE	DDX51
2.43770365608241	0.239328080150402	FALSE	DDX54
-0.486096296473153	-0.402277618472428	FALSE	DDX58
-0.326698140845038	0.189711990642707	FALSE	DEAF1
0.286355586280588	0.00938875773659081	FALSE	DHFR
0.273760106670391	-0.195771355536932	FALSE	DHRS3
0.30549259451926	-0.143798061675894	FALSE	DHX29
0.26043334345326	-0.119515398851048	FALSE	DHX35
-0.327623526094636	-0.964565804745997	FALSE	DIAPH1
-1.54792144977677	-0.964565804745997	FALSE	DIAPH1
-0.376916119143116	-0.418478443262472	FALSE	DICER1
0.348823941694545	-0.172711251575089	FALSE	DIDO1
-0.383333459492791	-0.220958020378682	FALSE	DIP2C
-0.785780247318487	-0.186170707427391	FALSE	DIRAS2
0.273173475942089	-0.104639994929395	FALSE	DLD
1.65361492391598	0.908674021238036	FALSE	DLG5
0.354325379361345	0.187732266487086	FALSE	DLGAP4
-0.676453711323134	-0.495090897700555	FALSE	DMGDH
-0.391946739953529	-0.0900355496534222	FALSE	DMXL2
0.522376148505247	0.0521976136419153	FALSE	DNAAF5
0.288080477934867	-0.0864845951406237	FALSE	DNAJC21
0.339582215065477	0.249810631970146	FALSE	DNAJC5
0.292819337187253	0.0213348936831075	FALSE	DNM1L
-0.370914361326191	-0.996707401886577	FALSE	DOC2A
0.256577458174543	0.668326062696106	FALSE	DOCK4
-0.613415765749466	-0.321068474551545	FALSE	DPP4
-0.268197288432777	-0.438223866334982	FALSE	DPYSL2
-0.683331046041981	-1.33773849367881	FALSE	DRAIC
0.364557221737234	-0.140083792603335	FALSE	DRAM1
-0.284395201609238	-0.174772462170722	FALSE	DRG1
-0.485130299450585	-0.20540118891825	FALSE	DSG2
-0.300615985752998	0.737162527700971	FALSE	DST
0.429665855829166	-0.24100717815092	FALSE	DSTN
0.505553080475322	0.491288164238034	FALSE	DUSP6
0.387029394007668	0.491288164238034	FALSE	DUSP6
-0.449546158251411	0.0534059085723266	FALSE	DYNC1H1
0.308086275235192	-0.0230071904625546	FALSE	DZANK1
-0.552376709140858	-0.0518393868824137	FALSE	DZIP1L
0.355420001518744	-0.0165524087829948	FALSE	EEA1
-0.26997015954089	-0.230370070188248	FALSE	EEF2K
-0.32565397721843	-0.245912709314956	FALSE	EFCAB11
0.238714092730464	-0.47044588475254	FALSE	EFCAB2
0.288798287963533	-0.369532397674037	FALSE	EGFR
-0.468803555401407	-0.806218533386166	FALSE	EGLN3
0.215271335933346	2.81241571655683	FALSE	EGR1
0.878550183796722	-0.140284377680234	FALSE	EIF1AX
0.466119600756591	0.13185827950066	FALSE	EIF2B1
0.29186097104437	0.0312735564807237	FALSE	EIF2S2
0.898167646800877	0.144281522005788	FALSE	EIF2S3
-0.28643377934628	0.0753699422075322	FALSE	EIF3D
0.373272443842462	-0.0881877860864697	FALSE	EIF4B
0.356701900375849	-0.0461496219587438	FALSE	EIF4H
-0.348492141622796	-0.144980583445896	FALSE	EIF5
-0.891382579392226	-0.181877901057498	FALSE	EIPR1
-0.662740658398551	0.356338362856003	FALSE	ELMO3
-0.610265250303504	-0.0662843927244082	FALSE	EMX1
-0.755840625312883	-0.0662843927244082	FALSE	EMX1
-0.773987357820292	-0.689178137262459	FALSE	EMX2OS
0.458818481292044	0.280480070330386	FALSE	ENAH
0.311677358340498	0.259193570802578	FALSE	ENGASE
0.425790990434841	-0.129116344163154	FALSE	ENKUR
0.226198128377928	0.777330573600959	FALSE	ENO1
0.83965687505422	2.0459536804656	FALSE	ENO2
-0.41163497768203	-0.764812437278898	FALSE	ENPEP
-0.366776401081249	0.039301323006621	FALSE	ENTPD4
-0.321329091115691	-0.227019521015603	FALSE	ENTPD5
0.369375788478652	0.779750763463012	FALSE	ENTPD6
0.304584044978703	0.193337604974909	FALSE	EP400
-0.806301982059793	-1.09392200411395	FALSE	EPB41L3
-1.04177582285067	-1.16782103195896	TRUE	EPB41L4A
-0.458465016566527	-0.573685944294639	FALSE	EPHX2
0.23196622736139	-0.648497183021819	FALSE	EPS8
-1.20810810307012	0.870041115922778	FALSE	EPS8L2
-0.595232891195685	0.870041115922778	FALSE	EPS8L2
-0.225604219839366	-0.114583985761483	FALSE	ERCC4
-0.36128526095434	-0.320151117781958	FALSE	ERGIC1
0.324899250764267	0.304108362329968	FALSE	ERGIC3
-0.256423040203058	-0.0630536519966544	FALSE	ERI1
-0.233280369403721	-0.35178725149987	FALSE	ERP44
-0.604919845143054	-0.141332750063336	FALSE	ESPN
0.225694887859592	0.226836296088922	FALSE	ESYT2
0.461907173462502	0.41794439689748	FALSE	ETV1
-0.497513795570365	-0.668410279143224	FALSE	EVA1C
-0.627119403822443	-0.668410279143224	FALSE	EVA1C
-0.252461973137311	-0.294001765478014	FALSE	FAF2
2.04827538364918	0.0324246446463832	FALSE	FAH
-0.341966825439316	-0.108851603266424	FALSE	FAM102B
-0.245278136965106	0.167004633377974	FALSE	FAM118A
-1.01146428869841	-0.414167869849946	FALSE	FAM13A
-0.846818070060202	-1.11321897437291	FALSE	FAM160A1
-0.407437094456678	-0.299335232510773	FALSE	FAM177A1
-0.316965319385048	-0.125724424138864	FALSE	FAM219A
0.452178391170179	0.0212335039831985	FALSE	FAM3C
0.243656738633938	-0.0389305971948756	FALSE	FAR1
0.259212447848946	0.505975395284284	FALSE	FASTK
0.249978190476338	-0.203124175213999	FALSE	FBXL13
-0.648385615200174	-0.335638160045249	FALSE	FBXO16
-0.385228511774305	-0.153819480570576	FALSE	FBXO25
-0.360001781380372	-0.22134593570265	FALSE	FBXO3
-0.353760354059082	-0.104074423949441	FALSE	FBXO33
-0.374564648262324	-0.497367342385217	FALSE	FBXO34
-0.273236044626178	-0.28255519221419	FALSE	FBXO9
-0.464885136290873	-0.664588833427962	FALSE	FBXW7
-0.322779913670272	-0.164381189873321	FALSE	FDFT1
-0.423437120382868	-0.276992754965623	FALSE	FERMT2
0.294452212921617	0.0197947888136877	FALSE	FGD6
-0.522997467993022	-0.879533398319256	FALSE	FGFR2
-0.730686764371154	0.147986908183148	FALSE	FGFR4
0.653174826576464	-0.0100364559324346	FALSE	FIGNL2
-0.351663914610861	-0.0591114245922149	FALSE	FKBP3
0.185420830550147	0.199459656175446	FALSE	FLOT1
0.379808338342976	0.159984356606763	FALSE	FNDC3B
-0.772431081776325	-0.69470285217128	FALSE	FNIP2
-0.8470452093586	-1.42676642685131	FALSE	FOXP2
-0.520563990024004	-0.191479162456517	FALSE	FRG1-DT
-1.26973302677439	-1.76788934203664	TRUE	FRMD3
-0.877372662172454	-1.76788934203664	FALSE	FRMD3
0.697458794318508	0.440017501799756	FALSE	FRMD5
0.25809695728706	1.75841446057495	FALSE	FTH1
-0.33313985695699	0.00964804899224481	FALSE	FXYD2
0.252097219401952	-0.129377857892709	FALSE	GABARAPL1
0.44793341028007	1.10440313568334	FALSE	GABBR1
-0.606341311632273	-0.155355014371538	FALSE	GAL3ST1
-0.476094567812193	-0.327384025264885	FALSE	GALM
-0.402758328968487	-1.06964048569247	FALSE	GALNT14
0.664423556662996	1.20584752636307	FALSE	GAPDH
-0.26307937499464	-1.47979097091407	FALSE	GAREM1
-0.386168409862526	-0.270921573607891	FALSE	GARNL3
-0.772679651702548	-0.158301233742318	FALSE	GATB
-0.819039923725934	-1.63317340136914	FALSE	GATM
-0.644785784307888	-1.63317340136914	FALSE	GATM
-0.320867576903163	-0.0621865004135941	FALSE	GBA2
-0.329610239843061	-0.458324005037753	FALSE	GCLM
0.366576201112941	0.255936857992457	FALSE	GDF15
0.857568534902486	0.0394911822366228	FALSE	GEMIN8
2.8699921361901	0.413796124255406	FALSE	GFPT2
0.489020600914256	0.413796124255406	FALSE	GFPT2
0.197926856152238	-0.379247214512097	FALSE	GLCCI1
-0.373723353413316	-1.01866991355038	FALSE	GLIS3
-1.0861661304594	-0.396297971695383	FALSE	GLYATL1
0.302344228524793	-0.0702196528824917	FALSE	GNAI1
-0.330343862802524	-0.482582519822405	FALSE	GNAQ
0.398914349429573	0.118925346688493	FALSE	GNB2
-0.334405577569586	-0.0567517429749277	FALSE	GNE
0.250023246015922	-0.00176609885468171	FALSE	GNPTAB
0.368522325716253	-0.0966469411175427	FALSE	GON4L
-1.22949164000498	-0.173642010599534	FALSE	GPAT3
0.343753407582924	0.0844563042586981	FALSE	GPBP1
0.421563736639935	0.341158556105016	FALSE	GPCPD1
-0.299270684896601	-0.827749794131521	FALSE	GPHN
2.23745854405656	0.387278998572377	FALSE	GPRC5A
-0.520012112775912	-0.428544374132018	FALSE	GPX3
-0.370585231999358	-0.698768692264288	FALSE	GRAMD2B
-0.674009944975547	-0.0435789448526836	FALSE	GRB7
-0.684040781726245	0.477521310254513	FALSE	GSDMD
-0.389925545596974	0.476395904056822	FALSE	GSE1
-0.294148132649467	-0.0633063001788769	FALSE	GSR
0.321473155259274	0.142780795512664	FALSE	GSS
-0.298649934250233	-0.157477298186522	FALSE	GTF2A1
-0.366136972233291	-0.288015956008523	FALSE	GTF2E2
0.303144682640353	0.263996692989091	FALSE	GTPBP6
-0.485611409922162	-0.223151438108023	FALSE	GUCY1B1
0.402574948507692	-0.203942456952654	FALSE	GXYLT1
-0.311837658851051	-0.0978352436518177	FALSE	HAAO
-0.296856937728756	-0.0424122584330168	FALSE	HAUS6
-0.70768731027948	-1.06878341208157	FALSE	HAVCR1
0.420098432132651	-0.157317501340123	FALSE	HBP1
0.281218064395131	-0.150379018051362	FALSE	HCFC2
0.491102471236745	0.344757410540549	FALSE	HDAC7
0.463116120162929	0.344757410540549	FALSE	HDAC7
0.223995277348529	-0.0869324355329934	FALSE	HDGF
-0.364043347321362	-0.222284940888047	FALSE	HDHD3
-0.397917063880753	-0.0558186144328413	FALSE	HDHD5
0.287566933175593	-0.0908423219278747	FALSE	HIF1AN
-0.313498368710144	-0.156163669988157	FALSE	HINT1
0.228600509662319	0.100847451696074	FALSE	HIP1
-0.561263022912263	-0.0982588532057836	FALSE	HIRA
0.235693151701722	-0.396028389062197	FALSE	HIVEP1
-0.554945909667051	-0.176429077787475	FALSE	HLA-F
-0.532793232065812	-0.233710859090711	FALSE	HLF
0.426479616500884	0.314985224364132	FALSE	HM13
-0.413680561250088	-0.0931733027196742	FALSE	HMOX1
0.201622866229972	0.605721127588371	FALSE	HNRNPA2B1
-0.421198312260909	-0.539095668202945	FALSE	HNRNPC
0.297894770358291	0.0437211558616126	FALSE	HNRNPL
-0.462729688033952	-0.669898075270242	FALSE	HPN
-1.16354509737895	-0.309179906012254	FALSE	HRH2
-0.332326969438151	-0.761206094694912	FALSE	HSDL2
-0.35370905418294	0.0784885294619587	FALSE	HSP90AA1
0.334169543039211	0.528838806993972	FALSE	HSP90B1
0.232723207128939	-0.105535168902106	FALSE	ICE1
0.500196159660814	1.12120559059134	FALSE	IER3
-0.304301676196626	-0.179162267199907	FALSE	IFIH1
0.258438490767156	-0.00780390136579662	FALSE	IFRD1
0.297758409577557	-0.0294469766088885	FALSE	IFT52
0.358795947225851	-0.195552593228547	FALSE	IFT81
0.516612801188826	0.0424729596816672	FALSE	IKBIP
-0.791169935715926	-0.446046145626517	FALSE	IKZF2
-0.234147728718906	-0.0190460262331188	FALSE	IL17RA
-0.521414410612188	0.0205405337344333	FALSE	IL32
0.36972874618864	-0.168998329007682	FALSE	IL6ST
-0.553958213641127	-0.364720161901407	FALSE	IL7
0.312811202972842	0.254073959372415	FALSE	ILKAP
0.312688818540358	0.218435906210824	FALSE	IMPDH1
0.308639062217179	-0.0756337321148286	FALSE	ING4
-0.253152944799871	-0.164916390132195	FALSE	INIP
0.361549712954329	0.156195805398917	FALSE	INPP5K
0.320002449691805	0.687542611482787	FALSE	INTS1
-0.296084506740294	-0.297355764673593	FALSE	INTS10
0.322335076173578	-0.03972372302076	FALSE	INTS13
-0.322726212050988	-0.235750058727378	FALSE	INTS9
0.323145185637178	-0.213677269327462	FALSE	IPO11
0.645116695449725	0.0232302786572867	FALSE	IQSEC2
0.462582796670161	-0.331942301332114	FALSE	IQUB
-0.629705077182805	-0.257064329193829	FALSE	IRF2
-0.255171204875327	-0.133055498974662	FALSE	IRX3
0.407340147510507	0.0429818157114431	FALSE	ITGA2
-0.869302784523663	-0.43285188268907	FALSE	ITGA6
0.267072583295736	-0.791431030993305	FALSE	ITGB8
0.383869722325145	0.614127514266957	FALSE	ITPR2
-0.320181878252333	0.13679934439391	FALSE	JADE2
0.351790068940498	0.248826293367966	FALSE	JAG1
1.52746390141542	0.741114042259157	FALSE	JAK3
-0.272651476474057	-0.24972172022438	FALSE	JPT2
0.215929734995118	0.806973691982691	FALSE	JUN
-0.441880736430598	-1.27463164411083	FALSE	KANK1
0.215389899910424	0.0897114294358465	FALSE	KANSL2
0.203088096921114	-0.0600435682573734	FALSE	KBTBD2
-1.34555020936883	-0.539396943377199	FALSE	KCNJ15
-0.942424571677296	-1.14773220656407	FALSE	KCNJ16
0.40633104823039	-0.127142642494679	FALSE	KCNK1
-0.539124458423808	-0.0627302274743074	FALSE	KCNK3
-0.513915929752233	-0.22447930010742	FALSE	KCNK5
-0.297213751351893	-0.311050676059695	FALSE	KCTD9
-0.352989924287526	-0.332586535422656	FALSE	KDM4C
0.97476308585828	0.458545582065946	FALSE	KDM6A
-0.460359703725	-0.550173900134989	FALSE	KHDRBS3
-0.311284863588662	-1.16834632169972	FALSE	KIAA0825
-0.69609510103191	-0.157971729510601	FALSE	KIF12
-0.684577845985389	-0.157971729510601	FALSE	KIF12
0.456888249224028	-0.386010005432352	FALSE	KIF21A
0.344098244056829	-0.0135578204615273	FALSE	KIF2A
-0.727454876337244	-0.138175095977837	FALSE	KIFC3
0.292340182364906	-0.145658845898811	FALSE	KIZ
0.191489606153536	-0.129968311878836	FALSE	KLF13
-0.41663871058344	-0.146712040804245	FALSE	KLF15
0.234980741533442	0.0193623962084937	FALSE	KLHDC10
-0.366774065823204	-0.19259259461779	FALSE	KLHL28
-0.794277616409161	-0.576678712160111	FALSE	KLHL32
0.378758777633017	-0.0180949804632674	FALSE	KMT2D
0.253269631458913	-0.0229583664189081	FALSE	KMT2E
0.269633874775809	-0.145188154792068	FALSE	KRAS
0.333307287290773	0.455754592791877	FALSE	KRBA1
0.34985351777045	0.455754592791877	FALSE	KRBA1
-0.461879422948909	-0.221982268624958	FALSE	KREMEN1
0.305807876214229	-0.242004961368467	FALSE	KRIT1
0.357106041103733	0.0423619954997677	FALSE	KRR1
0.322889539697014	1.03667396354135	FALSE	KRT8
0.50143634331518	1.03667396354135	FALSE	KRT8
-0.436045748196448	-0.407888308806629	FALSE	L2HGDH
-0.384519075832021	-0.179706011197361	FALSE	L3HYPDH
0.191804753781693	0.115890121560906	FALSE	LAMTOR4
0.241907868746786	-0.162968031200068	FALSE	LANCL2
-0.243374971235364	0.616072737017539	FALSE	LDHA
0.562848394593965	0.164178508914	FALSE	LHFPL2
1.96938824552796	-0.568658265956983	FALSE	LINC00887
0.32041910406765	-0.763557621082764	FALSE	LINC00894
-0.340667711981224	-0.10696134644461	FALSE	LINC00909
0.324043991354888	-0.169434962735503	FALSE	LINC00944
0.398151244467432	-0.135916165426854	FALSE	LINC01006
-0.270043275538187	-1.92058262884882	FALSE	LINC01320
-0.596803987744076	-0.306691659141918	FALSE	LINC01508
-0.4439992287664	-1.70327294124533	FALSE	LINC02532
-0.420276696508421	-1.70327294124533	FALSE	LINC02532
-0.386496631525207	-1.70327294124533	FALSE	LINC02532
0.230878972133621	-0.279331414951374	FALSE	LMBR1
1.53005959891273	0.233599559844436	FALSE	LMNA
1.18343027903518	0.233599559844436	FALSE	LMNA
0.244281129914617	-0.113482142896997	FALSE	LNPEP
-0.38126275562243	-0.335945947693506	FALSE	LONRF1
-0.332963034562308	-0.335945947693506	FALSE	LONRF1
0.73759557723836	0.573935926414589	FALSE	LOX
0.25768125283694	0.334350430404451	FALSE	LPIN3
-0.707153911837069	-1.17501857247401	FALSE	LRBA
0.277477019717704	0.398304670684239	FALSE	LRP1
-1.38537396762186	-1.83499259869121	TRUE	LRP2
0.445583672811151	0.107120400520362	FALSE	LRRC23
-0.398530266838465	0.324901775506852	FALSE	LRRC75B
0.210227186180288	0.000742154155092684	FALSE	LTA4H
-0.378436404226818	1.03097538201706	FALSE	LTBP3
0.818472861119562	0.223700730916465	FALSE	LTBP4
0.334137579405854	0.24243378054225	FALSE	LTBR
0.216441058362954	0.232326580634595	FALSE	LUC7L2
1.22990225069718	0.251902135415109	FALSE	LUCAT1
0.579926073563052	0.251902135415109	FALSE	LUCAT1
-0.53144461347941	0.189555836551466	FALSE	MACF1
0.391286390398391	0.676224089876363	FALSE	MAFK
0.247353886915883	-0.011515952217435	FALSE	MALSU1
-0.236129267933997	-0.0723015479494736	FALSE	MAML1
0.451240384211299	0.306076465414024	FALSE	MAP3K12
-0.365754139040686	-0.449077531322534	FALSE	MAP4K5
-0.321642811997526	-0.206585521272805	FALSE	MAPK1IP1L
-0.28569857731292	-0.14367605561746	FALSE	MAPK9
-0.388319621626129	-1.99765265160055	FALSE	MAST4
0.363432997097812	0.19479371447274	FALSE	MBD6
-0.570636689746698	0.046103427932998	FALSE	MCC
0.353063209146077	-0.0904279198968315	FALSE	MCCC2
-0.675121573299041	-0.758878966806102	FALSE	MCF2L
-0.956483591438319	-0.758878966806102	FALSE	MCF2L
0.252075154918964	0.417188634045917	FALSE	MCM7
0.27781362620324	0.417188634045917	FALSE	MCM7
0.199468706815448	1.27270504020676	FALSE	MDM2
0.334157575870495	-0.522530600676748	FALSE	MED13L
0.707914778463597	0.0607693260855546	FALSE	MED14
0.30061907136017	0.106643197526118	FALSE	MEF2D
-0.315428385861678	-0.286480648603233	FALSE	MEGF9
-0.471291058371343	0.00449185696991605	FALSE	METTL17
0.385242798222916	-0.131374619892564	FALSE	METTL2B
0.266859340580323	-0.131374619892564	FALSE	METTL2B
-0.45119938379095	-0.058166231102361	FALSE	METTL3
-0.574245663314878	-0.148070304098726	FALSE	MFAP3L
-0.363060542704687	-0.0335348578787464	FALSE	MIATNB
0.410711529145495	0.447282497780194	FALSE	MICALL2
0.416353576897101	0.432612397943122	FALSE	MIDN
0.215251782365448	-0.0912966422169234	FALSE	MLEC
-0.402446921681363	-0.771339280423266	FALSE	MLLT3
0.490324215102176	0.742302217196036	FALSE	MLXIP
-0.34264374902075	-0.154456437260863	FALSE	MLYCD
0.22269415741216	0.0454008221417483	FALSE	MMAB
-1.10827855153553	-0.742042085226324	FALSE	MME
0.239424300088473	0.121786456168665	FALSE	MMP24OS
-0.460381102676151	-0.167722004765401	FALSE	MNS1
0.292761695071534	0.0803223709223015	FALSE	MPHOSPH9
-0.347243435624063	-0.344690716456691	FALSE	MPP5
0.221127343650028	-0.214430634901182	FALSE	MRPS27
0.218122491907004	-0.103106894869759	FALSE	MSL2
0.763548402319755	2.47089024987907	FALSE	MT2A
0.387995016381222	2.47089024987907	FALSE	MT2A
0.488223739621486	0.0128960703265825	FALSE	MTG2
0.282487158525571	-0.0497013165819729	FALSE	MTHFR
-0.300255146343761	-0.171126799999985	FALSE	MTIF3
0.218013822241706	-0.229004578931484	FALSE	MTMR12
0.361489544550674	-0.167432316442244	FALSE	MTPN
-0.522660013413089	-0.178269997834749	FALSE	MTUS1
-0.661671829063416	0.103715907038657	FALSE	MVP
1.23244112022654	0.925733126290907	FALSE	MXRA7
-0.424734868591684	0.323729735079952	FALSE	MYC
-0.243707094968454	-0.15554636124589	FALSE	MYH10
0.278422054542067	0.320994451633669	FALSE	MYL6
0.418436806811972	0.40556940961216	FALSE	MYO1C
-0.657515826481357	-0.296178448168531	FALSE	MYO5B
-0.851532349954405	-2.15785271853137	FALSE	MYOCOS
-0.617572611959331	-0.170271580092159	FALSE	MYOM3
-0.570506844749604	-0.378601703932311	FALSE	N4BP2L1
-0.327971437811254	-0.661867689460718	FALSE	N4BP2L2
-0.38675408925972	-0.139058677573338	FALSE	NAA30
0.330714411733158	0.231592431370797	FALSE	NAB2
0.310832674167929	0.0293706157113489	FALSE	NACA
0.34760231613208	-0.0357339491532774	FALSE	NADK2
0.422140828068262	1.4205799179772	FALSE	NAMPT
0.52670710663387	0.283590305141341	FALSE	NAP1L1
0.31157659157436	-0.137318983641821	FALSE	NAPB
0.515532276806135	-0.0384903980622432	FALSE	NCOA5
0.474483301658782	0.619836411652092	FALSE	NCOR2
0.36701482809227	0.619836411652092	FALSE	NCOR2
-0.355138824163024	-0.487082416905165	FALSE	NDFIP2
0.430774196552233	-0.0497085542736069	FALSE	NDUFA4L2
0.248444507364447	-0.160202223590145	FALSE	NDUFA5
0.272257735600377	0.788880229726137	FALSE	NEAT1
-0.422183575785352	-0.941487338182937	FALSE	NEDD4L
0.53930058252104	0.234235872781547	FALSE	NELFCD
0.615798006456986	-0.0840112912232062	FALSE	NEMP1
-0.651686641027937	-0.226154645688809	FALSE	NET1
-0.307980772256412	-0.162954341835593	FALSE	NF2
-0.324668402234656	-1.3712449617431	FALSE	NFIB
-0.538250911993015	-1.3712449617431	FALSE	NFIB
-0.872405909189861	0.0626127738277026	FALSE	NFIC
-0.293380576945232	0.0842142531796067	FALSE	NFIL3
-0.346478921547438	0.398003631600957	FALSE	NFKBIA
-0.490674028203143	-0.117644107779991	FALSE	NGDN
0.428949861482611	-0.0969075699542711	FALSE	NIPSNAP2
-0.777511460311176	-0.261035477311631	FALSE	NIT2
-0.228739073459871	-0.284314567389434	FALSE	NMRK1
0.287437521005719	0.189634031866194	FALSE	NNMT
0.356763435385644	0.273881261296656	FALSE	NOP56
-1.1589146260391	-0.805796601794719	FALSE	NPR3
0.469163871456699	-0.386096545974273	FALSE	NQO2
0.405632699304573	1.27949647623483	FALSE	NR4A1
0.25714682330946	-0.259294469137271	FALSE	NRF1
-0.399260548654448	-0.760223591548425	FALSE	NRP1
0.275296787427976	0.209711932330282	FALSE	NSFL1C
0.200967072465098	-0.316364238236392	FALSE	NT5C3A
0.346822672776776	-0.276632067023251	FALSE	NT5DC3
0.333680285852801	-0.0182288859175079	FALSE	NUB1
-0.356202575435557	-0.570952988579313	FALSE	NUMB
0.355660294053416	-0.0632184796858941	FALSE	NUP155
-0.268778285419623	-0.0435606582800751	FALSE	NUP93
0.667492611788487	-0.374879693140049	FALSE	NUTM2A-AS1
-0.441142032314347	-0.285251113376699	FALSE	NXNL2
0.301650366464967	-0.249883314257516	FALSE	OGDH
0.310153591037332	0.149133833525138	FALSE	OSBPL2
0.325327308813363	0.325550746785656	FALSE	OSBPL3
0.28799221419318	0.299806909778641	FALSE	OSER1
0.29420783485694	-0.577480064378033	FALSE	OSMR-AS1
0.329233644045922	-0.252484741118337	FALSE	OTULIN
0.35630367009265	-1.16299261091173	FALSE	OXR1
-0.443224503890721	-0.230630343184903	FALSE	PABPN1
-0.54366720943816	0.149222628174105	FALSE	PACS2
-0.274691576218166	-0.166101791077697	FALSE	PACSIN2
0.375602334224378	-0.118058393019745	FALSE	PAIP1
0.312337945560981	0.361328210040805	FALSE	PAN2
0.207597078582259	0.105515949553788	FALSE	PANK2
0.198475184593622	-0.0418327084445668	FALSE	PARD6B
0.299919196480491	-0.0992778748042993	FALSE	PARP11
-0.410563292468856	-1.32989990086477	FALSE	PATJ
-0.37859987540862	-0.403949780195988	FALSE	PAX8
0.407689210876396	0.284158305376567	FALSE	PBX4
0.283431821176893	0.317244916405875	FALSE	PCBP2
-0.439677894341348	-0.600629833976002	FALSE	PCGF5
-0.313799493180699	-0.367285031675693	FALSE	PCK1
-0.33482123315771	-0.908426020835689	FALSE	PCSK5
0.948598038544929	0.350414299026355	FALSE	PDE10A
-0.601917402788745	-0.599390416130091	FALSE	PDGFC
0.294731590063033	0.262459830502608	FALSE	PDIA4
-0.205014937614086	-1.90531400891953	FALSE	PDK4
-1.34139273945788	-0.657804376569414	FALSE	PDZK1
-0.814367860298483	-0.0873379579542319	FALSE	PDZK1IP1
-0.43425280315867	-0.633070699657306	FALSE	PECR
-0.477161216893598	-0.633070699657306	FALSE	PECR
0.283260606680434	-0.139948816065749	FALSE	PER2
-0.465933457075899	0.0243647914240797	FALSE	PES1
0.30598404312247	-0.02172040969653	FALSE	PEX1
-0.347470793603379	-0.191383534980168	FALSE	PEX26
-0.493117337669611	0.244838423805073	FALSE	PFKP
0.534033162830009	0.39640068201174	FALSE	PHF20
0.455702363606283	0.630016846339567	FALSE	PHLDA1
0.903508724762885	0.406285341910385	FALSE	PHLDA3
0.433081459057634	0.359527327728607	FALSE	PHLDB1
0.174180028032145	-0.0320082341950539	FALSE	PHTF2
-1.33226680547547	-0.478841083187097	FALSE	PHYHIPL
-0.611701862756207	0.0987783241857381	FALSE	PICK1
0.264046911529604	-0.0259566274524046	FALSE	PIGU
0.290484425531292	-0.168459929208617	FALSE	PIK3R1
-0.388751342198814	-0.192632139011122	FALSE	PISD
0.331843897910035	-0.0212552212933148	FALSE	PITPNA
-0.643411771981295	-0.519099571817728	FALSE	PKP4
-0.361993648413017	-0.183100178571596	FALSE	PLA2G12A
-0.276727947992698	0.130964456839006	FALSE	PLA2G6
0.387160695045413	-0.590860375256469	FALSE	PLCB1
0.384789995907291	0.122462726444035	FALSE	PLCG1
0.355679111076574	0.122462726444035	FALSE	PLCG1
0.323586952237972	0.798224765380488	FALSE	PLEC
-0.762076314274524	-0.400266501660934	FALSE	PLEKHA2
0.321238016473596	-1.14409350293653	FALSE	PLEKHA5
-0.627087836722014	-0.0433050944276959	FALSE	PLEKHG3
0.7061484841884	0.167280398162427	FALSE	PLEKHG4
-0.469698831857383	-0.758007234415047	FALSE	PLIN2
0.238178186356765	0.202179491780232	FALSE	PLIN3
0.322204482206659	0.488323973995759	FALSE	PLK2
0.282491547914143	0.311974748592211	FALSE	PLOD2
0.285423210901581	-0.255350806980232	FALSE	PLPP1
-0.400458262369557	-0.330341179084896	FALSE	PLS1
0.281649559513755	0.0792776912968875	FALSE	PMEPA1
0.216498550748897	0.00568109191935212	FALSE	PMS2
-0.391292396314071	-0.23489767858537	FALSE	PNISR
-0.333185966391621	0.4875012417678	FALSE	PNPLA2
0.257110676117793	-0.160156093626837	FALSE	PNPLA8
0.334000306378015	-0.0391415967087735	FALSE	POC5
0.246068101155738	0.209369608935942	FALSE	POLD2
-0.258789898767082	-0.144410704766877	FALSE	POLR1D
0.290662092486784	-0.045099088001725	FALSE	POLR3B
0.44124744840194	0.523247080823221	FALSE	PON2
0.275221154690796	0.0459804208299451	FALSE	POR
0.206848104951733	-0.174541661547386	FALSE	POT1
-0.501538190073517	-0.885633836751511	FALSE	PPARA
-0.320502342582906	-0.20846951009394	FALSE	PPARGC1B
-0.313832843993376	-0.109325643470511	FALSE	PPIL2
0.268726153001327	-0.340807717887872	FALSE	PPP1R12A
-0.512957359396677	-0.258053347433534	FALSE	PPP1R13B
1.22290925718691	0.150542812755166	FALSE	PPP1R14C
-0.28088009858191	-0.143296438648948	FALSE	PPP1R3E
-0.307166739650964	-0.512036803292454	FALSE	PPP2R2A
0.431225797265029	0.237607996088234	FALSE	PPP2R3B
-0.352942839888392	-0.267215696218635	FALSE	PPP2R5C
-0.414821249635181	-0.168850911217077	FALSE	PPP6C
0.257173313748403	-0.0976217239022277	FALSE	PPTC7
0.306769981516825	-0.181270353664727	FALSE	PRDM10
0.392452018504179	-0.0784818608388779	FALSE	PRDM4
-0.243513671639288	-1.21795415575854	FALSE	PRELID2
0.266631306448266	-0.0286552623813594	FALSE	PRKAG1
2.40446570325716	-0.145299972634876	FALSE	PRKCE
0.36110834845558	0.127767529907219	FALSE	PRKRIP1
-0.571815607235305	-0.523951704536482	FALSE	PROS1
-0.560650980904559	-0.523951704536482	FALSE	PROS1
-0.403092034445805	0.00718273761849636	FALSE	PRPF39
0.360955448169422	0.241537356238288	FALSE	PRPF6
-0.280598017516325	0.138991179947442	FALSE	PRR14
-0.264010862381568	-0.143741974058557	FALSE	PRR14L
-0.48928102619932	-1.58172604495197	FALSE	PRUNE2
-0.293160206185708	0.281909424063001	FALSE	PSD3
-0.423338353695447	-0.203620010509968	FALSE	PSMA3
0.426251515944888	0.176931768084264	FALSE	PSMG3
0.230520929839372	-0.122541906348951	FALSE	PSPH
-0.434340524063368	-0.655822270071579	FALSE	PTAR1
-1.68605383600342	-2.12345915609798	TRUE	PTGER3
0.435930295831124	0.0291312016279803	FALSE	PTGES3
2.1702451050403	0.877019561607228	FALSE	PTHLH
0.406519733327647	-0.0513877002674716	FALSE	PTPN1
0.258495219494644	-0.0168921225890863	FALSE	PTPN12
2.57858492044363	0.225641862459821	FALSE	PTPRU
-0.345980369241715	-0.778258167979201	FALSE	PUM3
0.379091500535195	-0.0890441271608921	FALSE	PURB
0.458073767072815	0.0994940783978773	FALSE	PUS1
0.229694890199331	0.0661719587445121	FALSE	PUS7
0.395702255673834	0.430595386040107	FALSE	PYGB
-0.379272241717686	-0.111241422562535	FALSE	QDPR
-0.301475751083366	-0.155715471756413	FALSE	RAB14
-0.297431430708053	-0.240862959894494	FALSE	RAB20
-0.418285086475687	-0.155632415492465	FALSE	RAB2B
0.377441363682787	-0.0560285704243092	FALSE	RAB5B
0.674494242743882	-0.0872940503685512	FALSE	RAB9A
-0.236131612633729	0.0748446869527602	FALSE	RABEP2
0.27252297548536	0.175775946349624	FALSE	RAC1
-1.19249089999476	0.0385503815497489	FALSE	RACK1
0.402793886404905	0.133432105696435	FALSE	RAD52
0.26256345084676	0.133432105696435	FALSE	RAD52
0.24719005840078	-0.179380622569629	FALSE	RALA
0.361564851540583	0.206773541196985	FALSE	RAN
0.287147236291953	0.0468440400915578	FALSE	RAP1B
-0.624150945500647	-0.94508930098973	FALSE	RAPGEF2
0.34278158057084	0.252623496277406	FALSE	RAPGEF3
0.495250162266488	1.08829633764111	FALSE	RARRES2
0.363983552780407	0.0506747428888413	FALSE	RASA1
-0.429018454326368	-0.243816221444781	FALSE	RASEF
0.292833290436279	1.16446944730292	FALSE	RASSF4
-0.774177471411808	-0.797453804160042	FALSE	RASSF6
-0.514288103420036	0.337162395305048	FALSE	RASSF7
0.363999240526185	-0.00737351931506386	FALSE	RASSF8-AS1
0.316254614517729	-0.0291098709105522	FALSE	RBM19
-0.408772322654292	-0.137438746668031	FALSE	RBM23
0.30993997290765	1.01054444131362	FALSE	RBM39
-1.05482845558489	-0.205264183715215	FALSE	RBP5
-0.235245117630652	-0.0335257465326539	FALSE	RBX1
-0.204240421181187	0.0320117719201236	FALSE	RCL1
-0.394684261629429	-0.20034113979207	FALSE	RCOR1
0.723641586082934	0.447432422082148	FALSE	RDH13
0.246793503303234	0.260774766996786	FALSE	RELA
-0.404204774520729	-0.127553792466465	FALSE	RERE
-0.527560651754208	-0.849496960862711	FALSE	RETREG1
0.591706932149998	-0.377207041610406	FALSE	RFX2
0.331529818861397	-0.0702806427671745	FALSE	RHEB
-0.328967658700685	-1.36628147357592	FALSE	RHOBTB1
0.237022727917497	0.215250376644005	FALSE	RHOC
0.433952526423572	-0.29958369481526	FALSE	RIC8B
0.517668158054379	-0.234173918903725	FALSE	RICTOR
-0.294021063512313	-0.344979359443994	FALSE	RIDA
0.40750126365968	0.155563804957449	FALSE	RIMKLB
-0.586383297520984	0.0495321697274196	FALSE	RIPK4
-0.361265687524109	-0.120306109341153	FALSE	RIT1
-0.344685272522544	-0.11413791496726	FALSE	RMND5B
-0.441208254574186	-0.108596166105854	FALSE	RNASEL
-0.280417227465579	-0.496888318671025	FALSE	RNF13
-0.333832300444068	-0.170882219099173	FALSE	RNF144B
-0.485350210173759	-0.3062039535702	FALSE	RNF145
-0.782640317082374	-1.37341234265515	FALSE	RNF152
-0.296181783150764	-0.274173586421492	FALSE	RNF170
0.250231430470047	0.185258925937426	FALSE	RNF24
-0.288182323013792	-0.326615064308818	FALSE	RNF38
0.641100209897868	0.607701127747156	FALSE	ROBO3
-0.472351911754518	-0.138958156901485	FALSE	RORC
-0.541735315428064	-0.138958156901485	FALSE	RORC
-0.211238852762437	-0.472831185347742	FALSE	RPGRIP1L
-0.301069647680269	0.000721556054060046	FALSE	RPL35
0.350780360649933	0.306519736893996	FALSE	RPLP0
-0.49334821407847	-0.0826473231936511	FALSE	RPS29
-0.303167930068538	0.018865936555294	FALSE	RPS6
-0.238328343393474	-0.165553535607672	FALSE	RPS6KA5
0.340654448536512	0.378927704789625	FALSE	RRBP1
0.151996331084358	-0.00967333743649593	FALSE	RRM2B
0.33813591295867	0.523525714732933	FALSE	RSRC2
0.383353243725225	-0.106312697694846	FALSE	RTF2
-0.35421742747664	-0.0485530446277642	FALSE	RTKN
0.511801560073039	0.170792693383625	FALSE	RUSC1
0.316047084288224	0.0229860940809494	FALSE	S100A10
0.764229302353891	0.0555581243441273	FALSE	S100A6
-0.425971931270888	-0.673148332266026	FALSE	SAMD4A
-0.279109764602943	-0.251494682395512	FALSE	SAP30L-AS1
-0.226237204463691	-0.446492737372375	FALSE	SARAF
0.467675894344554	-0.316962134091668	FALSE	SCAF11
-0.268571178898612	-0.193638849420669	FALSE	SCAI
0.394387442493811	0.35912920692658	FALSE	SCARB1
0.249859512842537	-0.164687412641522	FALSE	SCN9A
0.300721112953767	0.153742263059964	FALSE	SCNN1A
0.403796912742485	-0.272188833891481	FALSE	SDCBP2-AS1
-0.363219033639086	0.630019517432028	FALSE	SEMA4B
-0.325871931843749	-1.29675535244644	FALSE	SEMA6A
0.44076473539719	-0.0621438987438779	FALSE	SERINC3
1.64332134007169	3.86874038628876	TRUE	SERPINE1
1.0341826643211	3.86874038628876	TRUE	SERPINE1
-1.17576046909584	-0.202356828866062	FALSE	SERPINF2
-0.363708605644108	-0.636149898660272	FALSE	SETD3
-0.354540386336114	-0.57348005800665	FALSE	SFXN1
-0.558344659967609	-0.250577258284327	FALSE	SGSM1
-0.924316609519063	-0.233830257576693	FALSE	SH3BGRL2
-0.583525551941418	-0.833110878672427	FALSE	SH3RF1
-0.6196069070044	0.174764637296208	FALSE	SH3TC1
-0.334903423334382	-0.839443740117662	FALSE	SH3YL1
-0.804820832786849	-0.31378098716562	FALSE	SIL1
0.279169786436389	-0.128656882947485	FALSE	SINHCAF
0.260682325323944	-0.375281507076459	FALSE	SKAP2
0.408294854114204	-0.071544909207008	FALSE	SLC11A2
0.279230343033913	0.459104259206397	FALSE	SLC15A4
-0.958436322227194	-1.04299736223301	FALSE	SLC16A9
-0.580076482228031	-0.712201138861659	FALSE	SLC1A1
-0.314977102617781	-0.233300840868472	FALSE	SLC25A12
0.319814857331503	-0.207013539046451	FALSE	SLC25A13
-0.555231095277786	0.211548993980092	FALSE	SLC25A29
0.241163808434933	0.221920820426542	FALSE	SLC25A3
-0.714643279250155	1.05334266357504	FALSE	SLC25A37
-1.16874253275573	-1.68540459725758	TRUE	SLC28A1
0.249832026143262	0.598097307093583	FALSE	SLC2A1
0.76313325813081	1.53992157656054	FALSE	SLC2A3
0.21471075220685	0.306890013112967	FALSE	SLC2A4RG
0.259443515700638	-0.0870497169727927	FALSE	SLC30A5
0.279974138156676	-0.445128383431453	FALSE	SLC38A1
0.250072890329761	0.909604889082711	FALSE	SLC38A2
-0.250262804118338	0.249113343083609	FALSE	SLC39A14
-0.307875352815341	-0.136606896006738	FALSE	SLC40A1
0.30995110351817	-0.452587351337099	FALSE	SLC41A2
0.245154683171473	-0.0430556853371274	FALSE	SLC43A2
-0.637704686551754	-1.49261437609433	FALSE	SLC4A4
-1.23584342029503	-1.56064858716167	TRUE	SLC6A3
0.402042144365249	0.117746898853571	FALSE	SLC8B1
0.457394700274198	-0.183013038951597	FALSE	SLC9A8
0.377126044471072	0.778909191302441	FALSE	SLCO4A1
-0.456682151158809	-0.629192674357368	FALSE	SLCO4C1
-0.275563150758539	-0.0284410123865334	FALSE	SLU7
-0.307529365630655	-0.0284410123865334	FALSE	SLU7
-0.301946512453866	-0.405909618032059	FALSE	SLX4IP
-0.361233881062751	-0.114524952362828	FALSE	SMARCB1
0.250121059829923	-0.22732493582581	FALSE	SMARCC2
0.920633473261794	0.168938752259004	FALSE	SMC1A
-0.289411021763685	-0.335202168978352	FALSE	SMC5-AS1
-0.315524835723888	-0.135227353269946	FALSE	SMYD4
1.3764980848747	-0.0449654450551955	FALSE	SNAP25
1.08871347623237	-0.0449654450551955	FALSE	SNAP25
-0.284604559128842	-0.447076245225382	FALSE	SNAPC3
0.243097109053077	-0.133161740821819	FALSE	SND1
0.279279049780525	0.312969931932182	FALSE	SNHG15
-0.326943046540742	-0.33113452299044	FALSE	SNX24
0.343424145953617	-0.0628009757471973	FALSE	SNX5
0.280108719870063	0.37271022015709	FALSE	SNX8
0.299360937754643	0.32830837583976	FALSE	SOCS3
0.456694768679976	0.138925138280095	FALSE	SOGA1
-0.324910358842535	-0.538472115415592	FALSE	SOS1
0.251707366330183	-0.101716932972867	FALSE	SP1
0.31837621485372	-0.101716932972867	FALSE	SP1
0.214009841363014	-0.129475290388486	FALSE	SP4
0.267361111349616	-0.129475290388486	FALSE	SP4
0.467114211953875	0.387830329186267	FALSE	SPAG4
0.468429925605989	0.387830329186267	FALSE	SPAG4
0.853056216239986	0.387830329186267	FALSE	SPAG4
0.559031946324765	0.345013788956349	FALSE	SPATS2
-0.606552801542037	-0.116814439252217	FALSE	SPCS3
-0.454422034615551	-0.387171621446974	FALSE	SPIN1
-0.450699853909716	-0.132213070209126	FALSE	SPINT2
-0.462974621540163	-0.24557792245189	FALSE	SPNS2
0.265198375189016	-0.1955763077324	FALSE	SPOP
-0.459853927183044	-0.138771741191912	FALSE	SPTLC1
-0.404036574512835	0.127973474232744	FALSE	SQSTM1
0.195278429677031	0.349290825621797	FALSE	SRGAP1
0.249799833003262	0.339670408408401	FALSE	SRRT
0.32891279312295	0.401804471291747	FALSE	SRSF6
0.503021626764078	0.174033779587185	FALSE	SRSF9
0.428651715438908	-0.167392675119181	FALSE	SSBP2
-0.322175685331766	0.175122407197154	FALSE	SSH3
-0.415426132626358	-0.15307645841938	FALSE	SSPN
-0.298909914126137	-0.239517608561597	FALSE	SSX2IP
0.209103436583909	-0.141730369513951	FALSE	STARD3NL
0.315522515966757	1.0661333839861	FALSE	STAT2
0.592989594065977	0.433347791113176	FALSE	STAT6
0.3388774758818	0.18669671842498	FALSE	STAU1
-0.299126779150616	0.160702877934599	FALSE	STK10
0.24723960941667	0.189877089597346	FALSE	STK17A
0.344449711785524	-0.0286395899932217	FALSE	STK35
0.409398982002265	-0.0525191017422778	FALSE	STK40
-0.61953456063152	-0.209847640541772	FALSE	STRBP
0.2696531319744	0.218357769097832	FALSE	STX2
0.311321915482128	-0.15887133250646	FALSE	STX6
-0.282502808695632	-0.497085794808706	FALSE	STX7
-0.332486000826681	-0.267805557679036	FALSE	STXBP1
-0.273074414608552	-0.149568425798759	FALSE	STYX
0.370152492787904	-0.118602965435346	FALSE	STYXL1
-0.853252921708725	-0.420961333718433	FALSE	SULT1C2
0.267113296915007	0.352367371392451	FALSE	SUN1
-0.301968002915754	-0.0595096909306326	FALSE	SUN2
-0.296275420535898	-0.0926467244258357	FALSE	SUPT16H
0.887631289415272	0.256439597672534	FALSE	SYAP1
-0.618808682887186	-0.194389374196708	FALSE	SYDE2
1.35326574272804	0.134813718179114	FALSE	SYNPO
0.326818950852845	-0.136894720909038	FALSE	SYPL1
-0.302195091649515	0.136223058123475	FALSE	SYVN1
0.329199093711127	-0.0148898219343462	FALSE	TAGLN2
0.813479891278932	-0.0148898219343462	FALSE	TAGLN2
0.226812295801397	-0.0640848661057003	FALSE	TAOK3
0.381562558414394	0.220172312934339	FALSE	TARBP2
-0.554793954712755	-0.286390712520361	FALSE	TBC1D23
0.314710083801208	-0.0890581520838142	FALSE	TBK1
1.05814699750836	-0.272617895936895	FALSE	TBL1X
-0.406079698262984	-0.260165187342703	FALSE	TBL1XR1
0.302814139348315	0.428305878636414	FALSE	TBRG4
-0.598589296571945	-0.0986139772864987	FALSE	TC2N
0.20627082680762	0.701738383889991	FALSE	TCF25
0.390852503779492	-0.226971288648073	FALSE	TCTN1
-0.303076890019585	-0.191399744372176	FALSE	TDRD7
-0.64385602017826	-0.144757158502827	FALSE	TEF
0.23942821214769	0.428529183228169	FALSE	TENT4A
0.288442586440334	0.159991117249092	FALSE	TGFB1
2.12336830232544	2.83896516502335	TRUE	TGFBI
0.689845824681015	2.83896516502335	FALSE	TGFBI
-0.344823131766933	-0.238231782852341	FALSE	TGFBR3
0.745941938408366	0.756971648729381	FALSE	TGM2
-0.537628882686525	-0.187456678170699	FALSE	THNSL2
1.11994072869239	0.0988880238927174	FALSE	TIMP1
-0.98521473839539	-0.778360626816513	FALSE	TINAG
0.284245194336418	-0.110049366293127	FALSE	TIPRL
-0.233473165027263	0.0344644368328538	FALSE	TLN1
0.221578089711181	-0.995003281443215	FALSE	TM7SF3
0.348660192673643	-0.289212477882385	FALSE	TMBIM6
-1.11093606986862	-0.326685077235009	FALSE	TMCO4
0.279322993668217	-0.118617704924504	FALSE	TMED4
0.250408891640498	-0.197276205019393	FALSE	TMEM116
0.252317667723383	0.205308328063564	FALSE	TMEM120A
-0.390416508705938	-1.12484587983874	FALSE	TMEM135
-0.303079814649893	-0.294453269847834	FALSE	TMEM140
-0.649895358962119	-0.320590803395235	FALSE	TMEM192
-0.271209720154484	-0.381185201464923	FALSE	TMEM245
0.419262205423282	-0.0458430180023766	FALSE	TMEM263
0.294138249650874	-0.184026890253326	FALSE	TMEM267
-0.34948223322253	-0.329089619487284	FALSE	TMEM38B
0.472766166257196	-0.0576769688983061	FALSE	TMX4
-0.373558150560012	0.157349211492551	FALSE	TNFRSF10B
-0.374627560764733	0.672998212410192	FALSE	TNFRSF14
-0.901478124453494	-0.188782801969365	FALSE	TNIP1
0.287033525408523	0.260034308084889	FALSE	TNKS1BP1
0.368271296599559	0.589115634211178	FALSE	TNRC18
0.546817372776852	0.0904622242575095	FALSE	TNS3
1.1235216020564	0.0904622242575095	FALSE	TNS3
0.872991399088279	0.0904622242575095	FALSE	TNS3
0.362424382659279	-0.0293658551798485	FALSE	TOMM20
-0.580079835736319	-0.317876606489184	FALSE	TOMM70
0.356674192954908	-0.108530631761202	FALSE	TOP1
0.316659910097901	0.582361580917569	FALSE	TPCN1
-0.742746679975031	0.582361580917569	FALSE	TPCN1
0.326919556189489	1.29701929847047	FALSE	TPI1
0.33475669390032	-0.538499852766202	FALSE	TPK1
0.286500950626642	0.103733979402661	FALSE	TPM1
-0.276948975047345	-0.269742330757107	FALSE	TPP2
0.224104073130954	0.417599725232429	FALSE	TPST1
-0.267270910560244	-0.0240122212045197	FALSE	TRAF2
0.245961397351589	-0.214393424736008	FALSE	TRAF3IP1
-0.542272708482243	0.136790874440432	FALSE	TRAF4
0.344066763656893	0.0193213647791289	FALSE	TRAFD1
0.229875330911246	-0.272674134987677	FALSE	TRAPPC9
0.24147425620471	0.331315361998599	FALSE	TRIB1
0.836583730896248	0.448604379503976	FALSE	TRIB3
0.313364993559182	-0.166777380332252	FALSE	TRIM23
0.299531824000795	-0.0294025092500843	FALSE	TRIM24
0.312296075689583	0.374646734117775	FALSE	TRIM28
0.305285367565734	-0.00198341839946903	FALSE	TRIM56
-0.275941069913229	-0.741863535028199	FALSE	TRIM9
-0.316626810649364	-0.0643284177639509	FALSE	TRIOBP
0.396503382351569	0.338271576536307	FALSE	TRIP6
-0.547121470620181	-0.336245277658813	FALSE	TRMT9B
0.466845961228777	0.239352943271632	FALSE	TRPC4AP
-0.38377614852342	0.792273182078239	FALSE	TSC22D1
-0.387820150969176	-0.530024331951525	FALSE	TTC38
-0.378306377840925	-0.628217088610745	FALSE	TTC39B
0.228627235373106	-0.123923751633832	FALSE	TTYH3
0.947153827426046	0.415028756573299	FALSE	TUBA1A
0.322854034941583	0.0673233671609864	FALSE	TUBA1C
0.241573741969313	0.282317709087531	FALSE	TUBGCP2
0.278009631338858	0.070391350158722	FALSE	TULP3
-0.284678966653622	-0.197873115639978	FALSE	TUT7
0.89621124450341	0.233517767014486	FALSE	TXLNG
-0.262999919993811	-0.200974287854168	FALSE	TXN
-0.387701912721512	-0.165135792711218	FALSE	TXNDC16
0.28096824084614	-0.237943132138593	FALSE	TYW1B
0.231639341252444	-0.0591860992261236	FALSE	UAP1
0.674975831259344	0.217201781194051	FALSE	UBA1
0.308260804205817	2.87982321134825	FALSE	UBC
0.463521044721876	2.87982321134825	FALSE	UBC
-0.359343143683847	-0.628737989623457	FALSE	UBE2E3
0.280371493351952	-0.0190746881256334	FALSE	UBE2H
0.251505829767685	0.180266093108075	FALSE	UBE2Q1
0.488122447555793	-0.213397215936135	FALSE	UBE3C
0.281589422113767	-0.216426662015584	FALSE	UBN2
-0.383275319664049	0.183578602836534	FALSE	UBXN6
0.68295396614192	0.299253178817737	FALSE	UCKL1
-0.670742183259916	-0.30174828001057	FALSE	UFSP2
0.286666138684846	0.0181445649289164	FALSE	UHRF1BP1L
0.449673304858709	0.724505887915517	FALSE	ULK1
-0.367565926761379	-0.531603433657329	FALSE	UNC13B
-0.629799046481796	0.0469458121260093	FALSE	UNC5CL
0.305632344645804	0.414207810230559	FALSE	UPP1
0.422679024614427	0.414207810230559	FALSE	UPP1
1.77636173980076	0.0133907185369686	FALSE	UQCC1
0.210864538994055	-0.193575133127356	FALSE	USP32
-0.328493634295509	-0.229310028880319	FALSE	USP33
0.289078664457971	0.00273657042567266	FALSE	USP42
0.923426851549646	0.27296575997477	FALSE	USP9X
-0.374511102915907	-0.115544461602495	FALSE	VAC14
0.340494268275332	-0.138840904857607	FALSE	VAPB
0.321038024289178	1.68490976499209	FALSE	VEGFA
0.42289283235589	0.603987088571053	TRUE	VIM
0.292875051138997	0.603987088571053	TRUE	VIM
-0.320067064520275	-0.0997203812147524	FALSE	VIPAS39
0.398549257706077	0.209844554634493	FALSE	VPS29
-0.249046187142661	-0.400699618233409	FALSE	VPS35L
-0.461537000750611	-0.145369510588573	FALSE	VXN
0.307364481305219	-0.276179917386788	FALSE	WASHC3
1.47486816227346	0.105822425150708	FALSE	WDR1
0.412061491470482	-0.345873995974212	FALSE	WDR41
-0.63075459586928	-1.26842428584014	FALSE	WDR72
-0.31457326598128	-0.0893131605847325	FALSE	WDR89
0.611827233057366	0.0632101913594705	FALSE	WDR90
0.193151305014005	0.3839030862083	FALSE	WDR91
0.279112283161969	0.212136596451717	FALSE	WIPI2
0.324478932581906	0.115814161134157	FALSE	WNK1
0.626402280051089	0.0522894402340441	FALSE	WSB2
-0.390726588123093	-0.628078866854876	FALSE	WWC1
3.67776034972291	3.67579627320365	TRUE	XIST
-0.324161128274572	-0.18363854742012	FALSE	XPA
0.300113172983601	0.216163224075632	FALSE	XPOT
0.504528559200512	0.72287677853275	FALSE	YBX3
-0.571129827725188	-0.550307156909123	FALSE	YPEL2
0.475652824612109	-0.0142562841218064	FALSE	YWHAB
0.411334157898162	0.190350942960484	FALSE	YWHAG
-0.590894182551118	-0.206856862894711	FALSE	YY1
-0.300117886781728	-0.206856862894711	FALSE	YY1
-0.250139286548799	-0.0462006812973246	FALSE	ZBED4
0.48986833621897	0.408793100473696	FALSE	ZBTB38
-0.282265548218851	-0.129825681629502	FALSE	ZBTB5
0.441050924631392	-0.0913891833706903	FALSE	ZC3HAV1L
0.32842639841553	0.0696728310358097	FALSE	ZCCHC8
-0.478337457978085	0.151942102232983	FALSE	ZFAND5
0.271936111414155	0.047582768071579	FALSE	ZFC3H1
0.288369939718859	-0.245344072879399	FALSE	ZFR
-0.376634496360273	-0.132427271338436	FALSE	ZFYVE1
0.406190151007311	0.0567394548796876	FALSE	ZFYVE16
-0.285581032216252	-0.0396637126949265	FALSE	ZFYVE28
0.223627252813077	-0.494546110345767	FALSE	ZHX3
-0.499892134696268	0.58391518109181	FALSE	ZMYND8
0.244416230060805	-0.111034974890929	FALSE	ZNF131
0.378772205132868	0.0454612755922499	FALSE	ZNF133
0.26632447423678	0.312032403894894	FALSE	ZNF26
0.342162602532123	0.0252911125313414	FALSE	ZNF282
0.285507205267719	0.112536406878389	FALSE	ZNF3
0.346300632782713	0.0182306825734296	FALSE	ZNF331
0.377789110771768	0.30074558567219	FALSE	ZNF337
-0.292252081600821	-0.1340708716236	FALSE	ZNF493
-0.301096425604968	-0.124306110701891	FALSE	ZNF697
0.321197479472318	-0.0982067285423444	FALSE	ZNF789
0.296277566500812	-0.278969856355154	FALSE	ZNF800
-0.389156222931154	-0.0646796368410116	FALSE	ZNF839
0.26433296777264	-0.108899547659323	FALSE	ZNF862
0.342066927875082	-0.0916203734663518	FALSE	ZNF891
0.443892331182874	0.143228987224543	FALSE	ZNFX1
0.194428948439365	-0.425914599030009	FALSE	ZNRF2
-0.22323538944138	-0.766601012243616	FALSE	ZNRF3
0.406830484538865	0.190586450504586	FALSE	ZYX
